-679.8450317382812,204.08399963378906,89.83507537841797,1.0143864154815674,-19.52471160888672,2.7734642028808594,19.932701110839844,14.682087898254395,2.4233899116516113,-1.2571899890899658,1.8398579359054565,3.3448777198791504,2.026437282562256,1.7990407943725586,3.436915397644043,4.158336162567139,2.843113422393799,1.3299614191055298,1.0941822528839111,1.5505377054214478,0.008333635440835267,569.9757536870786,13.668585404705713,808.6192403204757,6.61022131680511e-05,1
-719.6181030273438,230.76443481445312,91.60590362548828,-6.863570690155029,-20.924055099487305,6.663426876068115,20.842679977416992,11.868470191955566,0.8559479713439941,-0.199484184384346,2.4322385787963867,2.36348032951355,2.1123850345611572,4.166782379150391,5.505858898162842,3.9726808071136475,1.978590726852417,1.619195818901062,1.8596408367156982,1.521297812461853,0.007367269069025522,553.110443963423,13.60264590174023,773.9462867966937,2.2312104192678817e-05,1
-717.207275390625,225.2103729248047,92.4054946899414,-3.9922468662261963,-20.029884338378906,6.02618932723999,20.41994285583496,11.89299201965332,0.742184042930603,-0.5476938486099243,2.153848886489868,2.142672538757324,1.598098874092102,3.486854076385498,5.326171875,4.450192451477051,2.5266716480255127,1.8841986656188965,1.9344099760055542,1.5130565166473389,0.0075802548578886315,565.1938131234265,13.68874513260473,768.1008465052204,2.8172473321319558e-05,1
-723.6868896484375,229.92234802246094,90.923095703125,-6.48328971862793,-19.805362701416016,7.735369682312012,21.676095962524414,12.755985260009766,1.6524080038070679,-0.014911908656358719,2.050473690032959,2.142096996307373,2.3226804733276367,4.356372356414795,5.465738296508789,4.229858875274658,2.8191449642181396,2.2924113273620605,1.6106926202774048,0.990685224533081,0.007531540023201856,555.1146592831896,13.612876066302949,764.8034186484919,2.542562287999317e-05,1
-718.15673828125,226.97909545898438,93.81986999511719,-2.7973434925079346,-18.76125717163086,7.359001159667969,21.594194412231445,12.914852142333984,1.7489277124404907,0.34502851963043213,2.8159079551696777,2.7477097511291504,2.273789644241333,4.043530464172363,5.668163776397705,4.758232593536377,2.877246618270874,2.176055669784546,2.2267839908599854,1.9266510009765625,0.006954892328886311,527.7618611961182,13.628626931038236,724.2350638051045,2.8671996915363707e-05,1
-715.0496215820312,222.26710510253906,93.2210693359375,-2.2880327701568604,-19.42808723449707,6.127076148986816,21.117717742919922,12.805583953857422,1.0391606092453003,-0.7298805713653564,2.26403546333313,2.762833833694458,2.1917476654052734,3.7077064514160156,5.519073486328125,4.920231819152832,3.029705762863159,2.220133066177368,2.376089096069336,2.2122693061828613,0.007239251015081207,542.5440804086089,13.627247932226735,727.0328813805104,2.0965930161764845e-05,1
-723.3739013671875,183.2328338623047,82.99028778076172,6.1022844314575195,-18.392175674438477,-5.155472278594971,15.36657428741455,16.379865646362305,0.837294340133667,-6.00910758972168,-0.7633582353591919,-0.08045649528503418,-2.7308971881866455,0.5307480096817017,2.288856029510498,-1.2123143672943115,-0.6752185821533203,1.6597702503204346,-1.7641935348510742,-2.9821560382843018,0.012017379981884058,925.9372090895758,14.378538298959311,1045.7646908967392,0.0002251723053632304,1
-775.608154296875,206.33505249023438,83.25682067871094,5.319972038269043,-16.088376998901367,-4.232365131378174,14.747342109680176,15.753191947937012,-0.14863429963588715,-6.505185127258301,-0.42354288697242737,-0.6923586130142212,-3.786236524581909,1.0545105934143066,3.5313923358917236,-1.6864774227142334,-1.8749721050262451,1.3935836553573608,-2.680191993713379,-4.611527919769287,0.014199784873188405,1135.6164358729438,13.682378214658549,1021.1731487771739,0.0003381363640073687,1
-778.5344848632812,205.29640197753906,86.29830932617188,8.250027656555176,-14.149504661560059,-2.9881341457366943,15.169273376464844,15.70315170288086,-0.5621858835220337,-6.954898357391357,-0.7012559175491333,-0.369948148727417,-2.699387311935425,2.444308042526245,4.3064446449279785,-0.912894606590271,-0.7122591733932495,2.327543258666992,-2.3094780445098877,-4.418999195098877,0.011339447463768117,1020.1471929719164,13.561970042803202,942.2180706521739,0.00023450618027709424,1
-781.154052734375,203.0708770751953,84.89373779296875,6.1061553955078125,-15.09455394744873,-1.1579304933547974,17.345170974731445,17.39499855041504,2.598588228225708,-4.831016540527344,-1.8690993785858154,-0.8728718161582947,-1.4093868732452393,2.5813188552856445,3.9531569480895996,0.012777665629982948,-0.14789722859859467,1.3936249017715454,-2.218693494796753,-3.7625110149383545,0.010491677989130435,1003.856753832449,13.588886609460952,958.5084069293479,0.00015563085617031902,1
-782.0372924804688,203.6093292236328,87.38890838623047,9.342756271362305,-13.614590644836426,-1.646519422531128,17.13558006286621,17.78497886657715,2.2280328273773193,-5.2147722244262695,-0.2461036592721939,0.3548599183559418,-1.3795061111450195,3.104552984237671,4.092733383178711,-0.4152691960334778,-0.2723037600517273,2.139249563217163,-1.9326971769332886,-3.3642795085906982,0.010401098278985508,983.0763588204561,13.429432426643732,898.902004076087,0.00016452508862130344,1
-776.2239379882812,208.79931640625,87.58692169189453,6.455544948577881,-14.550164222717285,-0.5422971248626709,16.513174057006836,14.805549621582031,0.8334449529647827,-5.320516109466553,-1.0093462467193604,-0.40974584221839905,-2.047445058822632,1.3599284887313843,3.1847832202911377,0.4506542682647705,-0.18554289638996124,0.823300302028656,-1.3953074216842651,-2.298652172088623,0.011139889039855072,941.6476920195636,13.48180887148729,895.9684952445652,0.00015439734852407128,1
-777.3934936523438,207.569091796875,86.62858581542969,6.254611015319824,-14.716309547424316,-1.5655115842819214,15.582651138305664,14.326817512512207,0.5137873291969299,-5.431039333343506,-1.2679246664047241,-0.32028889656066895,-1.3337832689285278,1.7138891220092773,3.2027273178100586,-0.5781914591789246,-1.1637846231460571,0.13486334681510925,-2.6452906131744385,-3.1676297187805176,0.012590579710144928,1035.5645132094303,13.241374025540097,936.1013926630435,0.00023689049703534693,1
-776.90625,208.61367797851562,87.7686538696289,5.6544108390808105,-14.512938499450684,1.3147337436676025,16.906362533569336,14.260990142822266,1.7243050336837769,-4.307722091674805,-2.0886948108673096,-0.8065370321273804,-0.8227308988571167,0.9441501498222351,2.3606574535369873,1.2403548955917358,0.386051744222641,-0.08537743240594864,-2.1216959953308105,-1.783423900604248,0.01195510643115942,1018.6952875085799,13.182696633484355,947.9602581521739,0.00021892938821110874,1
-771.1517944335938,214.4279022216797,90.60774230957031,6.734192371368408,-14.554766654968262,1.0016752481460571,16.782669067382812,13.666090965270996,0.5434041619300842,-5.112276554107666,-2.2319157123565674,-0.7606906890869141,-1.081313133239746,1.3726987838745117,2.791141986846924,1.3441188335418701,0.6925861835479736,0.5335844159126282,-1.8759154081344604,-2.185211181640625,0.012031533061594202,935.9176646520842,13.644583574203665,887.9169497282609,0.0001752422977006063,1
-759.0350341796875,210.98265075683594,89.8843765258789,7.804442882537842,-14.480000495910645,-0.7237531542778015,17.42697525024414,15.857006072998047,-0.832551896572113,-6.948415756225586,-0.8741030693054199,-0.3468601703643799,-2.9576432704925537,1.2567524909973145,3.3297362327575684,-0.880330502986908,-0.614332914352417,1.5330854654312134,-2.674748420715332,-4.024309158325195,0.01262596240942029,928.5316123598005,14.045680576036036,913.7567934782609,0.00021519513393286616,1
-754.1473388671875,229.78599548339844,88.7314224243164,-6.280399322509766,-22.3790283203125,2.0860579013824463,18.01067352294922,13.403735160827637,3.7542941570281982,2.5076959133148193,5.934504985809326,5.647887706756592,3.4145238399505615,2.9385509490966797,3.4935786724090576,3.235264778137207,2.1226229667663574,0.8080633878707886,0.3718249797821045,0.26085221767425537,0.010056781104988399,734.6330809387723,13.294487638091601,888.057275050754,7.400941831292585e-05,1
-747.4148559570312,235.36355590820312,90.35032653808594,-6.268157005310059,-22.645977020263672,1.8571726083755493,17.07252311706543,11.422842025756836,1.9641098976135254,1.3237510919570923,5.122133731842041,5.901690483093262,4.445975303649902,4.6452460289001465,5.402217388153076,4.111573219299316,1.6203408241271973,0.5771523714065552,0.6745544672012329,0.6969671249389648,0.01130977196925754,682.700074836704,13.550364893578383,831.4514301769142,5.169705764274113e-05,1
-747.9824829101562,233.4973907470703,83.34268188476562,-14.468484878540039,-25.613656997680664,4.834155559539795,21.399925231933594,14.207672119140625,4.382562637329102,4.835588455200195,8.88537311553955,6.961793422698975,2.0431270599365234,0.6825897097587585,2.855783462524414,3.7415828704833984,2.2001218795776367,1.0800201892852783,1.4504327774047852,1.452990174293518,0.011146633918213458,743.9729527594994,13.461260886925215,952.6069233976218,6.448689964599907e-05,1
-724.8538818359375,171.77597045898438,95.87205505371094,25.903234481811523,-5.243226528167725,-0.7747556567192078,13.170816421508789,16.01805877685547,6.7176899909973145,-4.000277519226074,-8.219679832458496,-6.436587333679199,-3.1564602851867676,-1.2767345905303955,-0.9051643013954163,-1.2062770128250122,-1.6885281801223755,-2.212609052658081,-2.626749038696289,-2.673646926879883,0.011558820199275363,885.4074320059805,14.202896670506464,766.7068614130435,0.0001805115316528827,1
-715.181884765625,174.7430877685547,99.40174102783203,29.926095962524414,-1.3654873371124268,1.9979262351989746,14.218164443969727,15.674331665039062,6.107512474060059,-3.9330382347106934,-7.49852180480957,-5.76601505279541,-2.991344690322876,-1.3206427097320557,-0.5976012945175171,-0.44557610154151917,-0.9507473111152649,-1.956775426864624,-2.8157668113708496,-2.9158411026000977,0.010177479619565217,739.24829216258,14.348126571344674,631.7030400815217,9.518585284240544e-05,1
-667.3524169921875,188.67117309570312,102.23091888427734,24.438032150268555,-7.876152038574219,-0.17623299360275269,16.498088836669922,19.44005584716797,9.145920753479004,-1.75244140625,-5.488071918487549,-3.881887197494507,-1.7373660802841187,-0.8372104167938232,-0.23557783663272858,0.6945691704750061,1.2808558940887451,0.7806800603866577,-0.5979022979736328,-1.8949190378189087,0.009100430253623188,528.0790706218276,15.048860813778868,604.115574048913,2.5333836674690247e-05,1
-665.6979370117188,179.08486938476562,99.95846557617188,27.08006477355957,-4.698422431945801,0.6616001129150391,14.884242057800293,16.07080078125,4.142528057098389,-7.895047664642334,-10.77734088897705,-5.882584095001221,-0.019459057599306107,2.2253072261810303,0.9513140320777893,-1.3445333242416382,-2.671638011932373,-2.672456979751587,-2.115873098373413,-1.7691142559051514,0.010630378170289854,584.1812672310917,14.729669684787368,610.2322520380435,3.2686948543414474e-05,1
-678.5704956054688,185.9476318359375,104.38346099853516,29.58475112915039,-4.525187969207764,-1.2615655660629272,12.199762344360352,14.673462867736816,4.935555934906006,-6.027010917663574,-9.797439575195312,-6.723001480102539,-2.0455832481384277,0.3406570851802826,0.09991902112960815,-1.17837655544281,-2.197640895843506,-2.6601760387420654,-2.7497642040252686,-2.5621883869171143,0.010732280344202899,595.9235129881796,14.688548919427408,636.5714164402174,0.00010734146781032905,1
-653.8573608398438,183.10206604003906,97.41941833496094,20.303503036499023,-11.197911262512207,-3.126544713973999,13.579151153564453,16.39531898498535,5.856549263000488,-5.068125247955322,-8.007355690002441,-4.741875648498535,-1.1149996519088745,-0.019994674250483513,-0.4193609356880188,-0.5556803941726685,-0.2130342572927475,-0.18101812899112701,-0.836113691329956,-1.7266356945037842,0.012284873188405798,622.5688473420454,14.89239858014174,711.9688349184783,4.320098378229886e-05,1
-662.345947265625,183.76580810546875,93.60760498046875,14.201569557189941,-15.602080345153809,-3.4051029682159424,16.207191467285156,18.982776641845703,7.0278801918029785,-4.461342811584473,-7.086727142333984,-4.121612548828125,-1.8044955730438232,-1.6145758628845215,-1.3492916822433472,-0.03914609178900719,0.7904645204544067,-0.1397397518157959,-1.9082762002944946,-2.656978130340576,0.013623754528985507,719.4465693457358,14.672482870265295,822.0066236413044,0.00010131966701010242,1
-666.0355834960938,172.27891540527344,99.37151336669922,30.344633102416992,-2.972151756286621,-2.140109062194824,9.788348197937012,13.598793983459473,6.830414295196533,-2.2091548442840576,-6.527618408203125,-5.617978572845459,-2.681727647781372,-0.38372164964675903,0.5424456000328064,0.4611522853374481,-0.11784066259860992,-0.8430305123329163,-1.4717849493026733,-1.7760649919509888,0.010333163496376812,614.7729578132634,14.753171435748342,611.792629076087,4.3622509110718966e-05,1
-687.0289916992188,165.97738647460938,97.44947814941406,31.659067153930664,-1.3528614044189453,-1.7498054504394531,9.742610931396484,14.48225212097168,8.899173736572266,0.19977310299873352,-4.715615749359131,-4.701988697052002,-2.440110683441162,-0.6134369373321533,-0.2420705109834671,-1.002976894378662,-1.950757384300232,-2.2406086921691895,-1.8190548419952393,-1.3837896585464478,0.009650985054347826,754.216315388449,14.48157223977898,701.1086107336956,0.00012722949031740427,1
-675.73388671875,162.22207641601562,94.93122863769531,30.38863754272461,-1.9524787664413452,-2.3611531257629395,8.823786735534668,13.40263843536377,7.894050598144531,-0.6122400760650635,-5.200808048248291,-4.636180400848389,-1.705658197402954,0.6228110194206238,1.1931735277175903,0.4549880623817444,-0.5698280930519104,-1.188053011894226,-1.3921878337860107,-1.5256683826446533,0.01041808197463768,766.7746799056526,14.43199132151537,759.9660326086956,0.0001433479628758505,1
-696.584228515625,169.8843231201172,97.99702453613281,30.423830032348633,-2.1153929233551025,-1.2131550312042236,10.722284317016602,14.848252296447754,8.412781715393066,-0.629740297794342,-5.021697521209717,-3.7837331295013428,-0.2688915431499481,2.0281808376312256,1.9376933574676514,0.47269150614738464,-0.7567403316497803,-1.0072872638702393,-0.736595094203949,-0.7250856161117554,0.009233469202898551,703.9124453025748,14.44167409852847,646.3705842391304,7.508110138587654e-05,1
-671.68505859375,175.0962677001953,99.09515380859375,28.85101890563965,-3.8706812858581543,-2.3361923694610596,9.52054500579834,13.265876770019531,6.978115081787109,-1.5921114683151245,-5.973277568817139,-5.256192207336426,-2.1217057704925537,0.47822105884552,1.176024317741394,0.3680773675441742,-0.7681792974472046,-1.4764710664749146,-1.7726843357086182,-1.8622088432312012,0.010091145833333334,652.2801823209111,14.52768869481357,648.4302819293479,6.413025403162464e-05,1
-719.2646484375,170.84153747558594,94.21913146972656,24.884143829345703,-4.053144931793213,2.5862598419189453,17.179014205932617,18.855680465698242,7.577902793884277,-4.625539779663086,-9.112154960632324,-6.6932172775268555,-2.8309097290039062,-0.9321764707565308,-0.687133252620697,-0.6687583327293396,-0.699702799320221,-1.477980613708496,-2.9084510803222656,-3.721283435821533,0.01201171875,848.3537373098251,14.5415839607275,756.9701086956521,0.0001457547041354701,1
-672.3634033203125,181.1364288330078,99.29395294189453,24.22490692138672,-8.65444278717041,-2.7614591121673584,13.857983589172363,18.80979347229004,10.397977828979492,-0.44341811537742615,-5.464507579803467,-4.854376792907715,-2.6915574073791504,-1.2800301313400269,-0.32372841238975525,0.7216217517852783,1.3123974800109863,0.6418593525886536,-1.1346529722213745,-2.8232953548431396,0.010024626358695651,622.5496385018938,14.91234467981659,689.1873301630435,5.695533036487177e-05,1
-647.8501586914062,174.87098693847656,96.94916534423828,23.873977661132812,-10.227962493896484,-6.688543319702148,9.22150707244873,15.720816612243652,9.425268173217773,-0.35126516222953796,-5.235384941101074,-4.323668003082275,-1.2623964548110962,0.9465881586074829,1.6834219694137573,1.4561653137207031,0.6007631421089172,-0.7483149170875549,-2.187377691268921,-3.084756374359131,0.012310348731884057,625.4608161005527,14.849236867751323,722.7042289402174,5.8396137319505215e-05,1
-677.1895141601562,188.04345703125,93.96902465820312,12.056485176086426,-16.804399490356445,-2.369178295135498,18.202831268310547,20.893407821655273,9.79054069519043,0.35914310812950134,-1.2521778345108032,-0.21629305183887482,-1.624058485031128,-3.95272159576416,-3.485673427581787,-0.42137330770492554,1.7667964696884155,1.1228547096252441,-0.9560900926589966,-2.231659412384033,0.011550328351449275,668.7168575403738,14.834880142208135,807.7135699728261,4.895878009847365e-05,1
-668.1273803710938,170.65280151367188,97.67898559570312,30.21097755432129,-1.3840011358261108,0.11452163755893707,11.271404266357422,13.889618873596191,6.825026035308838,-1.31392240524292,-4.455802917480469,-3.236454725265503,-1.1995521783828735,-0.4437371790409088,-0.7154528498649597,-0.9468874931335449,-0.7259299159049988,-0.5260105133056641,-0.9243834614753723,-1.7905839681625366,0.00949813179347826,614.0617726122667,14.467492813079984,637.1955672554348,8.47931660246104e-05,1
-669.293212890625,171.49966430664062,100.11872863769531,32.68523406982422,-0.19615168869495392,-0.5243857502937317,9.705811500549316,12.846261978149414,6.841760635375977,-1.0636372566223145,-5.089978218078613,-4.86525297164917,-2.8437716960906982,-1.0715575218200684,-0.23587501049041748,-0.1340440809726715,-0.3142818808555603,-0.5320976972579956,-0.8248674869537354,-1.1893181800842285,0.009881680253623189,613.9438439194814,14.765444956773498,591.4453125,8.307974349008873e-05,1
-702.1486206054688,164.8502960205078,95.00733947753906,29.524723052978516,-1.6281023025512695,-0.6225695013999939,10.430929183959961,13.61179256439209,6.966136455535889,-1.6093937158584595,-5.604453086853027,-4.5560455322265625,-1.712303638458252,-0.054361358284950256,-0.36257439851760864,-1.5563431978225708,-2.1840667724609375,-1.842719316482544,-1.310267686843872,-1.3651847839355469,0.010658684329710144,849.2268998955569,14.315624491630384,734.0637737771739,0.0001533227477921173,1
-680.4237060546875,170.97213745117188,98.75877380371094,30.3264102935791,-3.2673377990722656,-3.107705593109131,8.45756721496582,12.5191068649292,6.300032615661621,-2.2937021255493164,-6.330320358276367,-5.154209613800049,-2.0444083213806152,-0.0031461853068321943,0.18745975196361542,-0.597353458404541,-1.2618056535720825,-1.5043737888336182,-1.7738837003707886,-2.4013867378234863,0.011289911684782609,690.2542276094575,14.605205195627297,656.8563179347826,7.317134441109374e-05,1
-688.5845336914062,180.08648681640625,104.39018249511719,32.15996551513672,-3.581695556640625,-3.9301743507385254,7.824303150177002,12.076078414916992,6.179712772369385,-1.7269312143325806,-5.093790531158447,-3.956739664077759,-1.6843923330307007,-0.5383768081665039,-0.5748862624168396,-0.9504843950271606,-1.1662088632583618,-1.3445225954055786,-1.8325920104980469,-2.606865882873535,0.010409590126811594,618.4681742992864,14.748315743025133,601.8062160326087,4.123421967960894e-05,1
-671.15771484375,173.01773071289062,100.62830352783203,32.14170455932617,-1.7072265148162842,-1.9455431699752808,9.46472454071045,13.75051212310791,7.878718852996826,-0.707529604434967,-5.297663688659668,-4.940537452697754,-2.364159107208252,-0.23713137209415436,0.35622701048851013,-0.29508888721466064,-1.243062973022461,-1.744167685508728,-1.8728086948394775,-2.1799256801605225,0.009631170742753624,594.5070314364178,14.661544198738962,596.5633491847826,4.718096897704527e-05,1
-718.4638671875,179.1259002685547,101.90489196777344,30.632789611816406,-1.480586051940918,2.6470999717712402,16.568681716918945,18.910287857055664,8.570487976074219,-2.9888813495635986,-7.355381011962891,-5.3277482986450195,-1.9397777318954468,-0.03244582563638687,0.6852787733078003,0.8942272067070007,0.3467835485935211,-1.1325081586837769,-2.636282205581665,-2.8288700580596924,0.00883010643115942,665.0294752353918,14.44080413627882,608.422214673913,8.351970609510317e-05,1
-697.8563232421875,167.80543518066406,97.25484466552734,31.763835906982422,1.341356635093689,3.3491461277008057,14.403209686279297,15.764893531799316,6.30750036239624,-4.214762210845947,-8.478804588317871,-6.828560829162598,-3.3684160709381104,-0.9502358436584473,0.025295976549386978,0.04103134945034981,-0.5922302007675171,-1.5652319192886353,-2.310659646987915,-2.2525298595428467,0.010347316576086956,688.9202561606586,14.49346366682811,597.3747452445652,8.203646575566381e-05,1
-717.0750732421875,173.41387939453125,98.38311767578125,29.13191795349121,-1.968703269958496,1.8418108224868774,14.775472640991211,16.676742553710938,6.820809364318848,-3.891540050506592,-7.570328235626221,-5.035089015960693,-1.3223445415496826,0.39618077874183655,0.2193666696548462,-0.5851458311080933,-1.421968936920166,-2.3368546962738037,-3.2025301456451416,-3.3648550510406494,0.010116621376811595,753.2910938186579,14.314172288470324,647.5564707880435,9.622021752875298e-05,1
-715.9000244140625,180.48263549804688,99.81563568115234,27.510847091674805,-2.258605718612671,3.9634299278259277,17.24199104309082,17.71124267578125,6.941245079040527,-3.389951229095459,-6.706098556518555,-4.826247215270996,-1.992873191833496,-0.026482844725251198,1.2420376539230347,1.74583899974823,0.9356525540351868,-0.9928693175315857,-2.757375955581665,-3.0584182739257812,0.009083446557971015,678.4497223499038,14.469990606740762,609.4832710597826,7.312136585824192e-05,1
-696.8353881835938,176.6336669921875,99.47015380859375,28.9913387298584,-1.9397602081298828,2.3901796340942383,15.059046745300293,15.977086067199707,5.539877891540527,-4.574320316314697,-7.0100507736206055,-3.687636613845825,0.02624516189098358,1.5691165924072266,1.6697654724121094,1.4403033256530762,0.8088558316230774,-0.5784748196601868,-2.2298855781555176,-2.989980697631836,0.009475486865942028,634.7605532866135,14.639743644053185,588.4493885869565,4.8408219299744815e-05,1
-697.6819458007812,184.36878967285156,100.7677001953125,25.533809661865234,-5.668331623077393,1.7440656423568726,17.197511672973633,18.485761642456055,6.794854164123535,-4.307735919952393,-6.802648067474365,-3.411694049835205,-0.27758094668388367,0.3822839856147766,0.20747026801109314,0.6019849181175232,0.9520280361175537,0.26582270860671997,-1.094359278678894,-1.7342383861541748,0.009871773097826086,610.1501705452947,14.594948619178773,605.3638756793479,4.367990914033726e-05,1
-660.66259765625,170.62002563476562,96.53742980957031,27.43067169189453,-3.7952170372009277,0.8148722052574158,15.943807601928711,20.172897338867188,11.353680610656738,0.2679953873157501,-4.317593097686768,-2.6000685691833496,0.3114335536956787,1.1951888799667358,0.7050715684890747,0.6702980995178223,1.4034839868545532,1.7333378791809082,0.7645700573921204,-0.9645663499832153,0.008237092391304348,546.4587262969828,14.754374880782878,594.9405570652174,2.292940189363435e-05,1
-745.2453002929688,169.8080291748047,79.02388763427734,7.519739151000977,-18.380342483520508,-8.7948637008667,11.494126319885254,15.932097434997559,3.585099935531616,-2.7005815505981445,1.7018802165985107,2.1228930950164795,-0.1853988617658615,3.017695665359497,4.300714015960693,0.573587954044342,1.2110177278518677,3.538431406021118,-0.12302308529615402,-1.571484088897705,0.014371713309961315,1179.2302845959873,14.083385785659331,1122.933635305851,0.00036337628262117505,2
-778.1887817382812,205.56002807617188,83.8673324584961,3.783973455429077,-16.815263748168945,-2.8739118576049805,14.37958812713623,14.454323768615723,2.559131383895874,-1.7385817766189575,2.41190242767334,1.652321696281433,-1.5726356506347656,0.3670915961265564,2.054889440536499,0.27562761306762695,0.8481712937355042,2.5354859828948975,0.2604070007801056,-0.3042621910572052,0.012955880220417633,1098.07430322608,13.58105285944702,996.8224332946636,0.00026304787024855614,2
-776.5156860351562,204.9763641357422,83.71747589111328,4.604964256286621,-17.519285202026367,-4.860719203948975,13.324226379394531,14.622461318969727,2.6090033054351807,-2.2180063724517822,2.0040276050567627,1.0890651941299438,-2.297776222229004,0.5431654453277588,2.980649948120117,1.0196855068206787,1.3806493282318115,2.6664962768554688,-0.31935349106788635,-0.9168411493301392,0.013439629857888631,1129.7647584089007,13.622841859235074,1035.792035237819,0.00033549685031175613,2
-787.2728271484375,196.19126892089844,80.2717514038086,3.916116714477539,-16.438579559326172,-3.728114366531372,13.836673736572266,14.894452095031738,3.3755905628204346,-2.1690022945404053,1.1643651723861694,0.6240926384925842,-1.6644196510314941,1.0816298723220825,3.3291447162628174,0.6100983619689941,0.27672675251960754,1.4357421398162842,-0.8957680463790894,-1.1981593370437622,0.012953614414153132,1227.2831272466535,13.42921086527272,1082.8053627102668,0.00039461880805902183,2
-783.734130859375,199.62738037109375,80.39253997802734,1.7285786867141724,-17.773086547851562,-3.3067376613616943,14.838149070739746,15.29935073852539,3.5355570316314697,-1.2943930625915527,2.0861337184906006,1.78733491897583,-0.9944172501564026,1.6187301874160767,3.190415620803833,1.0595057010650635,1.071651816368103,2.250257968902588,-0.35565656423568726,-0.3041146993637085,0.012288600275522041,1165.977314427478,13.420702570596045,1045.8342018924013,0.00030110430088825524,2
-778.2413940429688,205.65721130371094,85.76741790771484,6.561777591705322,-15.856815338134766,-4.258142471313477,12.511563301086426,13.0531587600708,1.2211148738861084,-3.622009754180908,0.12099043279886246,-0.0690101608633995,-1.9599077701568604,0.7900273203849792,3.0437281131744385,1.5869051218032837,1.5262514352798462,2.4575610160827637,-0.19541019201278687,-0.4325900971889496,0.013898543278529981,1080.2124912224594,13.565808108388993,966.8283252236461,0.0002517707471270114,2
-776.0328979492188,207.69039916992188,84.65365600585938,3.7279977798461914,-17.076244354248047,-3.3660330772399902,13.821521759033203,13.440552711486816,1.4739990234375,-3.481595516204834,0.35763269662857056,0.8896029591560364,-1.2064489126205444,1.5162245035171509,4.054321765899658,1.847774624824524,0.5849164724349976,0.7636467814445496,-1.2161250114440918,-0.5419270396232605,0.013999284005220417,1082.9867657341588,13.67778288821554,991.326720200116,0.00025215960340574384,2
-782.6412963867188,202.27224731445312,84.48831176757812,4.854867458343506,-16.240190505981445,-2.889141321182251,13.469067573547363,13.110754013061523,1.4476597309112549,-3.025887966156006,1.074859619140625,1.2412631511688232,-0.906647801399231,1.3141857385635376,3.462449312210083,1.6760514974594116,1.3561029434204102,2.410588264465332,0.7978187203407288,0.4843275249004364,0.012556478179400386,1082.254406438575,13.544124336169885,960.747381981383,0.00024216427118517458,2
-786.6493530273438,194.9700927734375,78.96947479248047,5.255603790283203,-15.632701873779297,-4.597290515899658,14.55380916595459,17.18218231201172,3.5615789890289307,-1.67362642288208,3.788173198699951,2.396799087524414,-1.5846526622772217,2.258223295211792,4.35290002822876,-0.734135091304779,-0.8152036070823669,2.223848581314087,-1.773754596710205,-2.9217379093170166,0.012662458309164733,1231.9961751501728,13.674408065283636,1101.0910990066704,0.0003743131528608501,2
-782.0767822265625,201.83111572265625,84.04544067382812,4.609180927276611,-16.333824157714844,-2.9270551204681396,13.094830513000488,13.332663536071777,3.455183982849121,-0.9745792746543884,0.9724741578102112,0.4421546161174774,-1.9817579984664917,-0.6021411418914795,1.31939697265625,0.9323661923408508,1.2134641408920288,1.2660815715789795,-0.35138556361198425,0.2540724277496338,0.013657147259280742,1176.0026981532062,13.292940515467425,1027.5984266241298,0.0003441519511397928,2
-755.9424438476562,227.3300323486328,85.19771575927734,-9.419779777526855,-24.142423629760742,1.9033427238464355,18.926515579223633,13.607720375061035,3.4865221977233887,2.0254483222961426,4.9729132652282715,4.846889495849609,2.274536371231079,2.306727409362793,4.155539035797119,4.9278788566589355,3.668778657913208,1.9613043069839478,1.2451518774032593,1.4993937015533447,0.011215357531431335,777.8325063995172,13.437476966856154,933.6330391682785,7.963749521877617e-05,2
-764.8468627929688,220.12110900878906,85.49928283691406,-5.597628116607666,-20.374616622924805,3.2354724407196045,18.193052291870117,12.646331787109375,2.8520102500915527,1.9206117391586304,5.514198303222656,6.1045074462890625,4.202750205993652,3.4904351234436035,4.0703887939453125,3.705573797225952,2.779322862625122,1.6478694677352905,1.158324956893921,1.3877240419387817,0.009325119195688226,789.8561850792165,13.29195528770324,880.5401702425373,8.072668424574658e-05,2
-784.3519287109375,201.4524688720703,91.25065612792969,12.622257232666016,-11.028220176696777,1.217240810394287,14.842585563659668,13.746726036071777,4.435235500335693,-1.487697720527649,-1.311877727508545,0.015467667952179909,-0.2622411847114563,-0.4995079040527344,0.518383264541626,1.3198695182800293,1.6428951025009155,0.9530100226402283,-0.11870109289884567,-0.6889663934707642,0.011437790023201857,1025.2498736036036,14.352227286532893,869.8714608106148,0.00022482979693450034,2
-775.847900390625,182.0050811767578,94.02969360351562,19.15213966369629,-8.379085540771484,0.6298618316650391,15.026469230651855,16.46878433227539,8.609933853149414,2.463677406311035,1.4648332595825195,1.705298662185669,0.3567425012588501,-0.9715657830238342,-0.1424965262413025,2.00634503364563,3.1247518062591553,2.4543302059173584,1.3086509704589844,1.1210399866104126,0.008502438007540603,984.5267320499934,14.64941015110753,816.2133165965777,0.0001899190101539716,2
-756.6293334960938,180.98812866210938,96.76537322998047,22.757793426513672,-6.7238335609436035,0.2919107973575592,13.523848533630371,14.14217472076416,5.582376956939697,-0.6375746130943298,-0.7255822420120239,0.95698481798172,0.8314231038093567,0.14834792912006378,1.098955512046814,2.736508846282959,2.557490587234497,0.2894625663757324,-1.6908940076828003,-1.5550041198730469,0.009703315327726218,892.137378189903,14.543805113953603,736.5254767256381,0.0001304745237575844,2
-731.7749633789062,179.9375762939453,94.97113037109375,19.29012107849121,-10.57177734375,-1.417982816696167,15.132278442382812,17.358108520507812,7.400911808013916,-1.6089630126953125,-3.2421319484710693,-0.9257169365882874,0.4871160686016083,0.6288949251174927,1.3270697593688965,2.424257278442383,2.103578567504883,0.023012306541204453,-1.9201276302337646,-2.0754332542419434,0.010623232671113689,836.0973389283422,14.557171047654457,778.992350638051,0.00010405537614133209,2
-744.5975952148438,173.733642578125,95.12720489501953,24.78951072692871,-4.253252983093262,1.7838375568389893,14.825447082519531,15.898648262023926,6.954244136810303,-0.994933009147644,-2.9536614418029785,-1.8780165910720825,-1.2707167863845825,-0.8507642149925232,0.7463013529777527,2.671807289123535,2.921546459197998,1.2545785903930664,-0.5095301866531372,-0.8913280367851257,0.008817385078306265,869.4150840997806,14.566894681778065,734.0274253190255,0.00012046995107084513,2
-756.8986206054688,189.04676818847656,99.027587890625,21.126480102539062,-8.436108589172363,-0.33992999792099,12.851593971252441,12.687514305114746,4.2439093589782715,-0.5275787711143494,0.9423283338546753,2.955756187438965,2.0152676105499268,0.6327163577079773,1.7963731288909912,4.133878231048584,4.220543384552002,1.526518702507019,-1.125522255897522,-1.3990609645843506,0.009644404364849188,845.3214796489167,14.515474543056602,727.0328813805104,0.00012300920207053423,2
-742.8229370117188,194.52381896972656,99.9117202758789,17.370569229125977,-14.011584281921387,-4.735808849334717,10.77383804321289,11.998091697692871,3.189056873321533,-3.076608896255493,-2.823293924331665,-0.6834568977355957,-0.28098878264427185,-0.22518925368785858,1.5082237720489502,3.576322555541992,3.2070794105529785,0.18922127783298492,-2.8663415908813477,-3.811739921569824,0.01386435688405797,842.7614866357751,14.86994865073387,762.025730298913,0.0001133208061219193,2
-728.7756958007812,201.8147430419922,97.32188415527344,9.109549522399902,-19.50421714782715,-2.4508209228515625,18.646337509155273,19.725330352783203,7.415246486663818,-1.69059419631958,-2.4137957096099854,-0.7718830108642578,-1.428503155708313,-2.4389054775238037,-0.9666458964347839,1.5726127624511719,1.9069441556930542,-0.23543274402618408,-2.0266504287719727,-1.6557105779647827,0.012165113834106728,767.9848202217925,14.7913109462152,838.0462858903712,8.64312969497405e-05,2
-735.850830078125,182.11026000976562,94.09661102294922,17.013874053955078,-11.634713172912598,-0.9599398970603943,15.648534774780273,17.23236656188965,7.638205051422119,0.008822978474199772,-0.9232945442199707,0.2392333447933197,-0.5794190764427185,-2.044349431991577,-1.5135059356689453,0.3354734480381012,0.7692478895187378,-0.9424684643745422,-2.7038345336914062,-2.5411932468414307,0.010475955263921114,870.5618590246778,14.416608012846268,799.8260993691995,0.00013261180720292032,2
-726.39306640625,177.74868774414062,94.6803970336914,19.6468448638916,-11.105384826660156,-2.9897782802581787,13.766806602478027,17.160531997680664,8.241021156311035,-0.44472450017929077,-2.355562925338745,-0.8323646783828735,-0.7714797258377075,-2.0909461975097656,-1.9460891485214233,0.09958154708147049,1.5716625452041626,0.8107214570045471,-0.9402408003807068,-1.5264089107513428,0.01082262362238979,832.1639635192804,14.413198208846474,788.9845562645012,0.00011113451910205185,2
-742.0347900390625,179.81838989257812,96.23619079589844,21.866167068481445,-8.141006469726562,-0.9842283129692078,12.947132110595703,13.803255081176758,4.6393303871154785,-2.315859079360962,-2.474076986312866,-0.2950119376182556,-0.09171176701784134,-0.8933101296424866,-0.09319498389959335,1.7933629751205444,2.0843615531921387,-0.03954704478383064,-2.440117120742798,-2.92134690284729,0.010628897186774943,884.2177492377865,14.648544099108697,766.0524443517982,0.0001461734645999968,2
-744.6145629882812,182.947998046875,94.61433410644531,18.751665115356445,-8.271480560302734,2.1677420139312744,16.223726272583008,15.100772857666016,4.991102695465088,-1.0844937562942505,-0.37486737966537476,1.2176212072372437,0.06742961704730988,-1.4651044607162476,-0.6038230657577515,1.324436068534851,1.255272388458252,-1.1624858379364014,-3.314568042755127,-3.1384503841400146,0.009338520519141531,869.9361380406943,14.4547958661098,773.2967934309745,0.0001374444691464305,2
-757.7581176757812,178.29652404785156,94.74940490722656,20.623672485351562,-9.12800121307373,-1.798858404159546,12.751521110534668,14.97805118560791,7.071379661560059,0.15580016374588013,-1.0779423713684082,0.054597221314907074,0.023989595472812653,-0.5918992161750793,0.0764734074473381,1.6572765111923218,2.2395198345184326,1.1659971475601196,-0.39492982625961304,-1.271572232246399,0.010592644286542923,991.3598725862116,14.412874586322873,843.192271787993,0.00021105412452016026,2
-727.9061889648438,179.48069763183594,94.26668548583984,18.941396713256836,-10.649636268615723,-2.192110300064087,12.670414924621582,13.283199310302734,3.189140558242798,-4.20217752456665,-3.664762020111084,-0.15934161841869354,1.0264118909835815,0.35400113463401794,0.6605103611946106,2.0448474884033203,2.210127592086792,0.37861374020576477,-1.511851191520691,-1.518357276916504,0.01187395772911833,868.3039156400127,14.575982291016784,790.9829973897912,0.00013230397598817945,2
-733.2962036132812,186.9883270263672,96.78803253173828,17.989723205566406,-11.224217414855957,-0.6029423475265503,15.412893295288086,15.549508094787598,4.381175518035889,-3.917024850845337,-4.103023052215576,-1.040001630783081,0.3745485246181488,0.5019271373748779,1.3215560913085938,2.222860097885132,1.3317307233810425,-1.0453505516052246,-2.523904800415039,-1.8739970922470093,0.011086590052204177,811.7980788278726,14.825256351222391,747.6168249709976,9.776885417522863e-05,2
-726.6534423828125,167.6414794921875,93.72796630859375,25.301902770996094,-5.473987579345703,-2.0674071311950684,10.410052299499512,13.001875877380371,5.580090522766113,-1.989875078201294,-3.8979697227478027,-2.1060619354248047,-0.5155914425849915,0.05061453580856323,0.8552514910697937,2.0475263595581055,2.3017430305480957,0.9995679259300232,-0.6823315620422363,-1.1883760690689087,0.010711599115429234,886.4301448734103,14.401211727221307,766.6519766893852,0.00013952015433460474,2
-742.9736328125,184.6199493408203,93.23973846435547,14.805728912353516,-12.546734809875488,0.07463781535625458,17.020540237426758,17.19390106201172,6.10976505279541,-1.7482720613479614,-1.792603850364685,0.3560534119606018,-0.0588105246424675,-1.6421903371810913,-1.3231900930404663,0.5216472148895264,1.244701862335205,0.033042676746845245,-1.2863104343414307,-1.0933094024658203,0.010251640443735499,925.390025374274,14.509820309682697,856.3320221867749,0.00021510975784622133,2
-740.4088134765625,176.30361938476562,91.28458404541016,17.082637786865234,-10.646507263183594,-1.1281800270080566,13.796719551086426,14.59086799621582,5.221755027770996,-1.8858819007873535,-2.4534502029418945,-0.878242552280426,-0.9232510328292847,-1.3619160652160645,0.0025740975979715586,2.0544135570526123,1.9600505828857422,-0.6062602400779724,-2.9415173530578613,-2.8382186889648438,0.011085457149071925,976.5873381266324,14.2934570026008,865.8745785600348,0.00019351483206264675,2
-721.9750366210938,178.92608642578125,95.5750961303711,20.45094108581543,-10.20618724822998,-2.433269500732422,13.40315055847168,16.027727127075195,7.054847717285156,-1.2438284158706665,-2.9337244033813477,-1.4005762338638306,-1.0211962461471558,-1.4884365797042847,-0.4766189455986023,1.7499011754989624,2.616441488265991,0.9760885238647461,-1.414840817451477,-2.315030813217163,0.010268633990719258,810.6137342284095,14.69564232663216,759.0079393851508,0.0001057057233992964,2
-726.087158203125,178.01968383789062,94.49075317382812,20.080608367919922,-9.347795486450195,-1.0956062078475952,13.879261016845703,15.24339771270752,6.144766807556152,-0.8321544528007507,-1.1513786315917969,0.27565667033195496,-0.835568904876709,-2.679705858230591,-1.7982937097549438,1.2186213731765747,2.758910894393921,1.2799179553985596,-1.0146530866622925,-1.5063632726669312,0.010122489486658932,814.5952325978755,14.69030462173679,764.1539252827727,0.00011600666039157659,2
-736.427978515625,185.26565551757812,97.31070709228516,19.237184524536133,-11.365208625793457,-1.9444481134414673,14.817761421203613,16.973087310791016,7.197733402252197,-1.083008050918579,-1.8846511840820312,0.7016932964324951,1.7502484321594238,1.3360915184020996,1.5739197731018066,2.257676362991333,1.6209138631820679,-0.2865945100784302,-1.2928435802459717,-0.11928347498178482,0.010472556554524361,808.5835060839505,14.37414166840917,753.7620314312645,9.976586443372071e-05,2
-728.7005615234375,180.28240966796875,96.69969177246094,21.893661499023438,-8.303019523620605,-0.7255563139915466,13.93411922454834,15.05197525024414,5.46696138381958,-2.0172460079193115,-2.254223108291626,0.11875161528587341,0.3275771141052246,-0.6862590909004211,0.040771305561065674,2.1608002185821533,2.801760196685791,1.0871042013168335,-0.6905953884124756,-0.4141971170902252,0.00914139537412993,785.444835397096,14.543948938436039,709.6464435904873,0.00010298560664523393,2
-715.1834106445312,194.85385131835938,100.1912612915039,18.062726974487305,-12.248318672180176,-1.168689250946045,15.181342124938965,14.890653610229492,3.4747958183288574,-4.140594005584717,-3.532271146774292,-0.93816077709198,-1.2542884349822998,-2.4944400787353516,-1.2062472105026245,1.680722951889038,2.670328140258789,0.8453781604766846,-1.284059762954712,-1.4780527353286743,0.01075492527173913,676.5198141372905,14.840030692782644,692.9946501358696,4.6787703467998654e-05,2
-765.6669311523438,203.30905151367188,101.51812744140625,18.59893035888672,-10.669174194335938,-1.4096572399139404,12.429145812988281,12.196443557739258,2.9880943298339844,-2.985978126525879,-2.7571098804473877,-1.2500776052474976,-1.299889087677002,-1.1595509052276611,0.5480945706367493,2.5465474128723145,2.7794189453125,1.0716710090637207,-0.6694822907447815,-1.053814172744751,0.01187509063225058,847.8921306158111,14.717335616222499,741.0719302856728,0.00013529742136597633,2
-752.057861328125,176.72511291503906,94.10538482666016,20.854442596435547,-8.714344024658203,-2.1061642169952393,11.67517375946045,13.882787704467773,6.66626501083374,0.4120735824108124,-0.637604832649231,0.40808048844337463,0.35935863852500916,-0.12677989900112152,0.6999391913414001,2.274055242538452,2.567551374435425,1.1228954792022705,-0.3967691957950592,-0.6050418019294739,0.011225937137470998,964.659495739782,14.588644774713945,816.6130048216357,0.00018813919450622052,2
-730.4666748046875,183.0216064453125,99.35688018798828,22.4461727142334,-11.105559349060059,-5.4660325050354,10.278680801391602,14.156607627868652,6.3777360916137695,-1.0622223615646362,-1.562447190284729,1.5181756019592285,2.666193962097168,1.2102885246276855,0.02189372479915619,0.4883534610271454,1.1564610004425049,0.5611603260040283,-0.6987188458442688,-1.2025840282440186,0.011221405524941995,786.9390564775505,14.797389051617301,738.2741127102669,8.443575643468648e-05,2
-730.2581787109375,178.53875732421875,95.61190032958984,20.47899627685547,-11.511299133300781,-4.821038722991943,11.76596736907959,16.61049461364746,9.312627792358398,0.8452439904212952,-2.0562291145324707,-1.1254231929779053,-0.4341810643672943,-0.9599016308784485,-1.2695831060409546,-0.6918180584907532,-0.12916798889636993,-0.4736279845237732,-1.4690264463424683,-2.2573704719543457,0.011730079031322506,848.4724352889485,14.574628253937414,804.2226698448376,0.00011519066174514592,2
-755.9343872070312,177.58535766601562,94.08090209960938,20.541332244873047,-8.698887825012207,-1.6338304281234741,12.139897346496582,13.619657516479492,5.236333847045898,-2.0769689083099365,-3.60971736907959,-2.319244623184204,-1.5579192638397217,-1.1549488306045532,0.12129513919353485,1.739758014678955,2.147611379623413,1.0834839344024658,-0.14380796253681183,-0.4799482524394989,0.011803717734918794,1030.7173921134538,14.489045786637853,871.7200188515081,0.0002778859925456345,2
-744.504638671875,177.9594268798828,99.26998138427734,25.43046760559082,-9.720378875732422,-8.246819496154785,4.976318836212158,9.911815643310547,4.702811241149902,-1.640841007232666,-2.7410404682159424,0.2651265859603882,3.1422908306121826,3.8343899250030518,3.080212116241455,2.04289174079895,0.9512566328048706,-0.289367139339447,-1.3402283191680908,-1.6983773708343506,0.012562762833526682,940.4265961993746,14.481458302829266,805.5716176044084,0.0001663157599978149,2
-745.509033203125,183.79818725585938,97.20812225341797,20.68592071533203,-10.032007217407227,-2.886716365814209,11.386493682861328,12.869784355163574,3.8914899826049805,-3.9021506309509277,-5.139052867889404,-2.8603219985961914,-1.1892486810684204,-0.5234270095825195,0.5390557050704956,1.7372466325759888,1.5071593523025513,-0.3582362234592438,-2.0521490573883057,-1.9896208047866821,0.012256878987819025,904.6322021487105,14.460652793017182,779.5918829756381,0.00016206067812163383,2
-690.8279418945312,197.97984313964844,85.25022888183594,-1.3972058296203613,-20.18486976623535,1.4224088191986084,16.801982879638672,11.682319641113281,2.046351909637451,1.0793647766113281,4.958665370941162,5.879531383514404,4.187301158905029,4.194442272186279,6.074010848999023,6.751053333282471,5.291930198669434,3.5622823238372803,2.9037280082702637,2.8336832523345947,0.006419434538201161,531.7451402304052,13.875650113580653,755.7446241839942,0.01355892512947321,2
-741.0198364257812,227.7859344482422,85.6241683959961,-8.952460289001465,-20.25949478149414,5.791967391967773,18.287385940551758,11.15975284576416,3.3930437564849854,3.89436411857605,6.1901679039001465,5.1842522621154785,3.9309263229370117,5.076581954956055,6.175209045410156,5.5000762939453125,4.515391826629639,4.182011604309082,3.686275005340576,3.064147710800171,0.007094717117988395,602.1508915246108,13.6822605521904,802.101403832205,2.9246590202092193e-05,2
-741.2822875976562,231.83724975585938,86.31993103027344,-9.41295051574707,-20.9320125579834,5.313696384429932,17.6466121673584,10.300981521606445,2.4798943996429443,3.2641220092773438,5.698108196258545,4.8354411125183105,3.571155071258545,4.578910827636719,5.774019718170166,5.728100776672363,5.201632022857666,4.163822174072266,2.8107147216796875,2.166217803955078,0.007283607350096712,612.8454848240211,13.736627483604595,817.9701666767409,3.537866359692998e-05,2
-736.3676147460938,238.99522399902344,90.37664794921875,-6.570557117462158,-19.020771026611328,6.217165946960449,17.439456939697266,9.10710620880127,0.31338536739349365,0.4867022931575775,3.3836402893066406,3.2224321365356445,2.4931750297546387,3.8796546459198,5.337890625,5.407591342926025,4.8028788566589355,3.7958199977874756,2.6470205783843994,2.301281452178955,0.008511393858800774,575.6440621742137,13.747259037232983,766.240498821325,3.5583583667175844e-05,2
-736.279296875,228.86537170410156,87.20976257324219,-8.966355323791504,-21.658527374267578,4.29264497756958,16.91290283203125,9.210867881774902,1.0134508609771729,1.8783233165740967,5.105264663696289,4.990084171295166,4.034875392913818,5.132669925689697,6.498871326446533,6.010196685791016,4.622380256652832,3.581932306289673,2.7603681087493896,2.3843581676483154,0.008058057301740812,621.0861167602014,13.653356215705376,823.0098525145067,4.196652298560366e-05,2
-734.5426025390625,237.3959197998047,90.69828796386719,-7.646252632141113,-21.151742935180664,4.800538539886475,17.423377990722656,9.493846893310547,0.8324323892593384,1.2558586597442627,4.399632453918457,4.647068500518799,4.062188148498535,4.943819046020508,5.581226348876953,4.799406051635742,3.6526541709899902,2.8840582370758057,2.315204620361328,2.1657509803771973,0.008352726063829786,575.144750845712,13.922273203379536,784.3167273633945,3.1049155950313434e-05,2
-718.6708374023438,235.86317443847656,87.68839263916016,-12.324522018432617,-22.52975845336914,7.211616516113281,21.059200286865234,12.559708595275879,2.9128894805908203,1.8937320709228516,3.2551534175872803,2.5533103942871094,2.8687961101531982,5.609302520751953,7.076693058013916,5.232956409454346,2.487394332885742,1.071700930595398,0.7510784268379211,0.990828812122345,0.008269614361702128,573.112388546639,13.631755403861025,848.2499319995164,3.0026245440240018e-05,3
-733.9111328125,239.2046356201172,87.38418579101562,-11.276199340820312,-22.104089736938477,6.015240669250488,19.67844009399414,12.185005187988281,2.7235889434814453,1.2103219032287598,2.5400640964508057,2.3840291500091553,2.8206732273101807,5.064682483673096,5.917116641998291,4.167304992675781,2.36574649810791,1.5838088989257812,1.1738309860229492,1.4189518690109253,0.007950389869439071,589.232989577843,13.565997766716459,836.8794011424081,3.480269151623361e-05,3
-708.3408813476562,209.25595092773438,91.45173645019531,0.18648329377174377,-19.962909698486328,3.9111645221710205,21.899276733398438,16.374711990356445,3.5884652137756348,-0.2584792971611023,3.008476972579956,4.9431304931640625,4.3094868659973145,4.6178412437438965,5.912374496459961,5.207551002502441,2.2560272216796875,0.09229053556919098,0.42035171389579773,1.7466022968292236,0.00697854962524178,551.803538005248,13.576598659996757,753.7037596711799,2.5285700758104213e-05,3
-728.0525512695312,228.4803466796875,89.65159606933594,-7.612768173217773,-20.986412048339844,6.388719081878662,20.57724952697754,12.17556381225586,1.7979528903961182,1.0830504894256592,4.009488582611084,4.268825054168701,3.83520770072937,5.212332248687744,6.133790016174316,4.481356620788574,1.9917266368865967,0.8596402406692505,1.079565405845642,1.7828092575073242,0.0082053916827853,579.7869864167054,13.545046454096692,790.3560203094778,2.8295544325374067e-05,3
-730.5374755859375,232.19720458984375,91.5425796508789,-5.49633264541626,-18.820819854736328,7.717480659484863,20.955162048339844,12.157248497009277,1.509608268737793,0.4152948558330536,2.956273317337036,2.9293277263641357,2.6474521160125732,4.660488605499268,6.236478328704834,5.081851005554199,2.963277816772461,1.9890540838241577,2.080904006958008,2.437990188598633,0.007704832567698259,555.9285417165888,13.491120708284834,752.7041525628626,2.7552152459975332e-05,3
-730.2177734375,242.34532165527344,94.41069793701172,-4.19334077835083,-16.515544891357422,10.503591537475586,22.849443435668945,13.554239273071289,3.4310195446014404,2.7601332664489746,4.855186462402344,4.0052971839904785,2.8741509914398193,4.316128730773926,5.555201053619385,4.236909866333008,2.0039827823638916,0.5058314204216003,0.16295062005519867,0.6398345828056335,0.007640609888781432,500.72361601192915,13.482825468980296,692.1029716211315,3.505433414829895e-05,3
-608.3313598632812,121.4809341430664,68.87763214111328,18.203433990478516,-6.236277103424072,-3.441514253616333,9.700872421264648,16.289920806884766,12.194503784179688,4.434067249298096,0.795599639415741,2.5823376178741455,5.854001522064209,6.934579849243164,5.528694152832031,3.493743658065796,2.2057251930236816,1.6635050773620605,1.400229573249817,1.3332997560501099,0.00644871252417795,536.7493268494605,13.959195796022433,695.7265473887815,0.013576286844909191,3
-758.65283203125,226.28158569335938,86.97879028320312,-6.60035514831543,-21.171876907348633,3.514552116394043,19.58987808227539,14.43478012084961,3.9941442012786865,0.9559462666511536,2.9753928184509277,3.8272829055786133,3.391939163208008,4.017169952392578,4.677859783172607,3.091735363006592,0.3933074474334717,-1.2719224691390991,-0.9169256091117859,0.12891356647014618,0.010313349184782609,750.88871597682,13.174292655979665,899.4013247282609,6.78092910675332e-05,3
-771.7518920898438,208.69638061523438,81.64460754394531,3.0743253231048584,-18.43252944946289,-6.146599769592285,15.659915924072266,18.659467697143555,2.4072489738464355,-4.437077045440674,2.0905239582061768,0.8386093378067017,-3.303605556488037,2.48474383354187,4.775204181671143,-1.8660523891448975,-1.513576626777649,2.024554491043091,-3.061408519744873,-4.834653854370117,0.014886347157772623,1080.768776238242,13.899463410176208,1026.3993619489559,0.0002578368876129389,3
-757.6066284179688,222.54522705078125,90.77363586425781,-1.501323938369751,-18.99457359313965,5.080227851867676,21.134521484375,15.783130645751953,4.418092727661133,1.2954752445220947,4.121436595916748,5.2997870445251465,4.53612756729126,4.703826427459717,5.120276927947998,3.8600564002990723,1.5075311660766602,0.09024656563997269,0.2938723862171173,1.4396363496780396,0.007434110353828306,664.0205807345201,13.319023759948653,785.8370114921694,4.5584070903714746e-05,3
-776.760498046875,206.34739685058594,84.92066192626953,5.340999126434326,-17.455820083618164,-5.544652938842773,12.289732933044434,13.54368782043457,0.9854297637939453,-5.2736029624938965,-1.6378655433654785,-1.2266740798950195,-2.4873056411743164,0.8186089396476746,2.873084306716919,-0.42695286870002747,-1.0704717636108398,0.37434321641921997,-3.253398895263672,-3.411365032196045,0.015605185688405796,1110.0203506559976,13.045964649167523,1005.0700577445652,0.00028985863900743425,3
-776.6007080078125,206.2869110107422,82.41366577148438,2.50803542137146,-17.96125602722168,-3.8284881114959717,15.966437339782715,16.611434936523438,2.674853801727295,-2.7037413120269775,1.591422200202942,0.7120668888092041,-3.0819780826568604,-0.06503462046384811,2.0956263542175293,-1.1534576416015625,-1.3333659172058105,0.5344727039337158,-2.6526238918304443,-3.1894609928131104,0.014341315670289855,1092.9708793756865,13.304643685884582,1024.5435631793478,0.00026210196665488183,3
-780.6401977539062,202.02001953125,82.3393783569336,5.010947227478027,-15.67913818359375,-2.760108232498169,15.202349662780762,15.705499649047852,1.9896364212036133,-3.989351987838745,-0.02878192439675331,-0.39304888248443604,-3.2638070583343506,-0.14978553354740143,1.981377363204956,-0.9270012378692627,-1.3947901725769043,-0.49197158217430115,-3.404052495956421,-3.7873916625976562,0.014146003170289856,1182.0248548429495,13.231131888448743,1058.1852921195652,0.00034327030880376697,3
-772.787109375,210.2008819580078,85.12777709960938,3.5696187019348145,-17.872833251953125,-4.52200174331665,12.356374740600586,11.987263679504395,-0.12188345193862915,-5.523217678070068,-1.7851306200027466,-1.2416658401489258,-3.5339105129241943,-0.8860849142074585,1.19504714012146,-1.0965487957000732,-1.6705548763275146,-0.7827884554862976,-3.218087911605835,-3.180515766143799,0.015809663210556844,1081.1485108915942,13.168283684354742,991.4266422563805,0.00027172075351700187,3
-772.541015625,208.78939819335938,83.80516052246094,4.384169578552246,-16.987571716308594,-5.316718101501465,12.520907402038574,12.815093994140625,-1.0251917839050293,-5.929405689239502,-0.5693166255950928,-0.630744218826294,-3.4562549591064453,-0.15791718661785126,2.222064971923828,-1.4847115278244019,-2.0092668533325195,-0.040672287344932556,-3.4576618671417236,-4.188534736633301,0.01641898777173913,1112.3400354402545,13.531199440083494,1011.6236413043479,0.0002963750157505274,3
-769.560791015625,214.57821655273438,89.64442443847656,5.6802592277526855,-15.610252380371094,-0.117218017578125,15.207106590270996,13.02432632446289,1.035273790359497,-4.312976360321045,-1.1133286952972412,-0.2745899260044098,-1.7093780040740967,0.1072784885764122,2.1691417694091797,1.3713558912277222,0.6697055697441101,0.18829403817653656,-1.6083016395568848,-1.3778966665267944,0.01332512454710145,949.2809971900891,13.502593403490824,925.1787533967391,0.00020057744404766709,3
-778.8298950195312,202.92166137695312,81.11784362792969,3.6435680389404297,-16.402324676513672,-2.418687343597412,15.410983085632324,15.0247220993042,1.0318577289581299,-5.144009113311768,-0.3913043737411499,-0.16159701347351074,-2.7867422103881836,0.2948661744594574,2.2225301265716553,-0.7317389249801636,-0.7470150589942932,-0.005269729997962713,-2.659325361251831,-3.1152219772338867,0.01521488906612529,1169.5408015846676,13.171950459228702,1052.329135549594,0.000335329445078969,3
-771.6161499023438,211.82528686523438,85.9988021850586,3.2754108905792236,-16.250484466552734,-1.3633321523666382,13.665013313293457,11.731971740722656,0.8247160315513611,-3.542288064956665,-1.4757091999053955,-0.6066998243331909,-1.664108157157898,0.6811987161636353,2.2928667068481445,1.0673205852508545,0.015413411892950535,-0.4261844754219055,-1.5883105993270874,-0.8989381790161133,0.014191293025362319,1025.0813182330153,13.205738263527051,963.8136888586956,0.0002218101581092924,3
-765.4279174804688,212.9213104248047,82.07989501953125,2.104618549346924,-21.63587188720703,-11.549247741699219,10.684529304504395,15.925032615661621,0.6860039830207825,-5.483156204223633,2.088329553604126,1.2592276334762573,-3.247065782546997,2.61120343208313,4.721002578735352,-2.139627695083618,-1.9342477321624756,2.513625383377075,-1.8711100816726685,-3.4337306022644043,0.01918005002900232,1061.794874531443,14.304453779198859,1023.7014664298143,0.0002286236413056031,3
-763.1964721679688,194.8986358642578,99.23735046386719,17.292280197143555,-13.645050048828125,-3.4170172214508057,15.05789566040039,18.654470443725586,7.513854503631592,-4.770538330078125,-8.370137214660645,-4.458194255828857,0.25690793991088867,1.7443175315856934,0.7691028714179993,-0.3433103859424591,-1.021667242050171,-2.0984296798706055,-3.4277288913726807,-3.6291868686676025,0.012996664733178655,922.9950033279988,14.029799171274197,836.3476109338748,0.0001582412514835596,3
-754.398681640625,182.78602600097656,101.3443374633789,26.499065399169922,-5.602599143981934,1.4034054279327393,18.144577026367188,20.875469207763672,8.724910736083984,-4.423304557800293,-8.180583000183105,-3.9408271312713623,0.9084795713424683,2.1470415592193604,1.0015689134597778,-0.002161241602152586,-0.5108528137207031,-1.4995790719985962,-2.8208374977111816,-2.9918160438537598,0.009032495471014493,797.3585140031131,14.312765561091524,674.2077105978261,0.00010253994696540758,3
-723.1949462890625,188.1734161376953,98.1261215209961,19.321205139160156,-10.163581848144531,1.1470550298690796,18.838977813720703,19.631799697875977,6.379744529724121,-5.406175136566162,-7.022055149078369,-1.8882688283920288,2.4325051307678223,2.657144069671631,0.6836597323417664,-0.6632486581802368,-0.9262897968292236,-1.3593043088912964,-2.394918203353882,-2.914208173751831,0.011242930684454757,733.2149678974578,14.307983646248012,733.1780878407773,6.657274207100272e-05,3
-721.6632690429688,187.45791625976562,95.69395446777344,14.637657165527344,-15.886261940002441,-3.039017677307129,18.34952163696289,22.741056442260742,10.609993934631348,-3.061460494995117,-8.06629753112793,-5.573254108428955,-1.6126649379730225,0.4587146043777466,0.9479427337646484,0.8050163388252258,-0.09336194396018982,-2.013657808303833,-4.0722246170043945,-4.568688869476318,0.014368610426334107,807.8550555764381,14.586951616161173,848.8878289950696,8.931386400945485e-05,3
-745.3836669921875,191.39576721191406,99.19222259521484,18.279584884643555,-12.15058708190918,-0.34397584199905396,18.419963836669922,19.700145721435547,6.185354232788086,-5.839328765869141,-7.358678817749023,-2.3494553565979004,1.29714035987854,0.9367445111274719,-0.8442755937576294,-1.530535101890564,-1.4799902439117432,-2.0890185832977295,-3.2635624408721924,-3.588754415512085,0.011002604166666667,826.544355379248,14.16760003739031,756.9701086956521,0.00010801385360537097,3
-738.5125732421875,191.0166015625,99.27725219726562,18.257057189941406,-12.881329536437988,-2.240213394165039,15.293649673461914,15.901780128479004,2.4790756702423096,-8.998045921325684,-9.837431907653809,-4.051580429077148,0.5259110927581787,1.0137330293655396,-0.43829044699668884,-1.4568287134170532,-2.0119576454162598,-3.0039114952087402,-4.204202175140381,-4.3434271812438965,0.012941576086956522,847.6918487406617,14.119875695880843,772.3866338315217,0.00012825005978811532,3
-745.1052856445312,189.43699645996094,98.4727783203125,18.919342041015625,-10.641451835632324,0.8163567185401917,18.312318801879883,18.711254119873047,5.35377311706543,-6.099907875061035,-7.396122932434082,-2.407637119293213,1.5461918115615845,1.8214468955993652,0.4236799478530884,-0.4846183955669403,-0.9881496429443359,-2.162846565246582,-3.8784217834472656,-4.619447231292725,0.01100685009057971,829.6385618589542,13.952362138772106,747.7326766304348,0.00011596411786740646,3
-742.0984497070312,187.9918975830078,98.75794982910156,18.872724533081055,-12.902915000915527,-3.402536392211914,14.212301254272461,16.324602127075195,4.685684680938721,-5.845427989959717,-6.84263801574707,-2.0235931873321533,1.2123496532440186,0.5131157040596008,-1.363886833190918,-1.760337233543396,-1.0483449697494507,-1.0145516395568848,-2.111248731613159,-3.0420453548431396,0.012779147331786542,877.0904083718435,14.049901453193877,783.4388821418213,0.00013898444012738764,3
-713.5662231445312,188.95697021484375,100.6154556274414,21.387868881225586,-10.558309555053711,-1.3993432521820068,16.193370819091797,18.525876998901367,6.993510723114014,-3.803842306137085,-5.321987628936768,-0.8124792575836182,2.6511070728302,2.4833972454071045,0.8206997513771057,-0.03812263160943985,-0.11469468474388123,-0.5003761053085327,-1.33616042137146,-1.687772512435913,0.010148546258700696,668.5569447088609,14.22145406228592,689.1124610281322,6.153385766083375e-05,3
-734.111328125,183.03250122070312,96.9051513671875,20.203914642333984,-9.823087692260742,-0.09347207099199295,16.919841766357422,18.048877716064453,5.093932628631592,-7.0597381591796875,-9.40330696105957,-4.732882022857666,-0.27700284123420715,0.6010371446609497,-0.6640735864639282,-1.8322362899780273,-2.497028112411499,-3.308300018310547,-4.1993184089660645,-4.217569351196289,0.01203719429347826,852.1671456238093,14.132235223349726,764.0854279891304,0.00013696157839149237,3
-746.832763671875,190.16177368164062,95.41466522216797,14.961042404174805,-12.703658103942871,0.2054055631160736,16.79292106628418,15.439254760742188,2.1231040954589844,-7.438840866088867,-7.437672138214111,-3.2615468502044678,-0.9406341910362244,-0.8483978509902954,-0.7266550064086914,-0.2252480834722519,-0.7037131786346436,-2.4650635719299316,-4.002799987792969,-3.8878743648529053,0.012826936141304347,929.3075831923948,14.01543620341131,861.577785326087,0.00018920721777249128,3
-740.19775390625,186.84568786621094,97.09880065917969,18.924875259399414,-10.210249900817871,0.6570509076118469,17.066410064697266,16.72406578063965,3.8046340942382812,-6.302619934082031,-6.774102210998535,-2.5604684352874756,-0.2610207498073578,-0.7359572052955627,-1.308714747428894,-1.001703143119812,-1.1288098096847534,-2.3354134559631348,-3.4041545391082764,-3.0554068088531494,0.011670629528985507,847.4274751334785,14.122053926594036,774.2590862771739,0.00014922126138117164,3
-754.9754638671875,182.9191131591797,98.28904724121094,22.631208419799805,-7.470316410064697,1.729697585105896,18.545326232910156,20.032760620117188,7.586862087249756,-4.124334335327148,-6.013484954833984,-1.0502742528915405,3.187171220779419,3.4029946327209473,1.6077898740768433,0.4166708290576935,-0.09836342930793762,-1.1232351064682007,-2.5547189712524414,-2.924609899520874,0.009370241806844547,848.771407387004,14.113813419656447,730.5301533497679,0.00010664181172614917,3
-722.0331420898438,187.27249145507812,98.17272186279297,18.874441146850586,-13.224617958068848,-4.762491703033447,11.724627494812012,13.552898406982422,2.8681137561798096,-6.285016059875488,-6.792623519897461,-2.658733367919922,-0.2962081730365753,-1.0308713912963867,-2.257469892501831,-2.279027223587036,-1.9290149211883545,-2.5064311027526855,-3.836191177368164,-4.634921073913574,0.013673290307971014,841.8320308341405,14.147759969780406,827.8736413043479,0.00022226526925805956,3
-734.1212158203125,189.2134552001953,97.23528289794922,17.630157470703125,-10.86593246459961,1.6237902641296387,18.96870994567871,18.328468322753906,4.460875034332275,-6.420323848724365,-7.248671054840088,-3.09871244430542,-0.681816041469574,-0.880814790725708,-1.020654559135437,-0.13277384638786316,0.24202443659305573,-1.0134739875793457,-2.939629077911377,-3.854250907897949,0.011196501358695652,802.4715693295765,14.293791740037321,758.7177309782609,0.00010021842899732292,3
-728.3931884765625,191.9459228515625,95.55908203125,12.89824390411377,-15.972161293029785,-1.646432876586914,17.94729995727539,18.864524841308594,5.977694511413574,-4.237537860870361,-4.98052453994751,-1.6978347301483154,-0.7982799410820007,-2.2155380249023438,-2.629822015762329,-1.265586495399475,-0.21239641308784485,-0.8404443860054016,-2.1678781509399414,-2.6706056594848633,0.012447633605072464,834.9110944792845,14.095674882990863,872.562839673913,0.00019398893346078694,3
-721.3570556640625,195.23338317871094,102.2220230102539,19.27764320373535,-13.576109886169434,-3.7592341899871826,14.105363845825195,15.789714813232422,3.60831356048584,-7.115931510925293,-8.019340515136719,-2.877157211303711,1.0463913679122925,1.2453439235687256,-0.14936399459838867,-0.8271321654319763,-0.6864861249923706,-0.822040319442749,-1.7248867750167847,-2.7736477851867676,0.012785892210144928,737.4815260834469,14.335623518785656,720.5197010869565,7.19899035175331e-05,3
-732.09375,209.19454956054688,102.41993713378906,11.46144962310791,-20.071231842041016,-5.073146820068359,15.585372924804688,16.859933853149414,3.7994866371154785,-6.425573348999023,-6.228695869445801,-1.1245125532150269,1.3582117557525635,0.09261377155780792,-1.6169590950012207,-1.8065043687820435,-1.3024548292160034,-1.227785587310791,-1.4367029666900635,-1.3615449666976929,0.014601732336956521,740.8100553540079,14.557420816059897,794.7936480978261,6.346953159663826e-05,3
-735.8275146484375,199.7893524169922,101.83061218261719,17.078020095825195,-14.032273292541504,-1.7280058860778809,16.54745864868164,16.835845947265625,3.512146472930908,-7.016396999359131,-7.386193752288818,-2.76448392868042,-0.42511650919914246,-1.5500348806381226,-2.8860573768615723,-2.443876028060913,-1.3084607124328613,-1.3221712112426758,-2.561990737915039,-3.4689180850982666,0.011826313405797102,754.3670657530855,14.311408156845916,744.8615828804348,9.303833940066397e-05,3
-730.74267578125,202.9959716796875,105.12471771240234,19.696197509765625,-12.813544273376465,-1.6312910318374634,16.28583335876465,16.703651428222656,3.4185149669647217,-7.151464939117432,-7.134734630584717,-1.516690731048584,1.9484542608261108,1.3728657960891724,-0.2995992600917816,-0.7548718452453613,-0.4982434809207916,-0.948620617389679,-2.196213960647583,-3.0779409408569336,0.010960144927536232,678.1928446669142,14.431578256473049,689.5618206521739,7.329157961066812e-05,3
-732.9935913085938,188.11654663085938,101.3509521484375,22.42285919189453,-10.692424774169922,-3.413773775100708,12.782729148864746,14.685091018676758,3.2291667461395264,-7.58062744140625,-9.210319519042969,-4.548949718475342,-0.5531908273696899,-0.10737244784832001,-1.4022839069366455,-2.153540849685669,-2.2020976543426514,-2.5333337783813477,-3.377018928527832,-3.9003992080688477,0.012838258605072464,790.9340444633835,14.161383678949655,710.0963824728261,8.919808897189796e-05,3
-742.3953247070312,193.3313446044922,101.86870574951172,20.738008499145508,-11.95057201385498,-3.3821728229522705,13.08610725402832,14.03233814239502,1.445037603378296,-9.684812545776367,-10.665020942687988,-5.043321132659912,-0.6080350279808044,-0.4952590763568878,-2.368206262588501,-3.2443509101867676,-2.735107183456421,-2.1839354038238525,-2.345850706100464,-2.6338138580322266,0.013514775815217392,832.797365367174,14.109195343593786,743.862941576087,0.00012357924424577504,3
-751.9591674804688,186.10516357421875,100.92115020751953,24.095748901367188,-7.489442348480225,0.5989320278167725,17.13791275024414,18.802032470703125,6.218595027923584,-6.111189842224121,-8.430848121643066,-2.9878740310668945,2.5197436809539795,3.90708327293396,2.4606969356536865,0.9444697499275208,0.12597978115081787,-0.7919359803199768,-2.0059494972229004,-2.55078387260437,0.010296956569025522,791.3128399535586,14.220246981126788,675.0234510948376,8.230088860727847e-05,3
-736.7650146484375,191.50613403320312,100.88218688964844,20.787796020507812,-9.798110961914062,1.6521066427230835,20.308807373046875,21.62641143798828,7.966227054595947,-4.4888529777526855,-6.395889759063721,-1.4412202835083008,2.4944283962249756,2.500380754470825,0.8778368830680847,0.019905852153897285,-0.3536650538444519,-1.4909387826919556,-3.2080984115600586,-4.005489826202393,0.009280742459396751,691.9863022169327,14.391037100113182,672.9750489414154,5.735134982387535e-05,3
-744.050048828125,195.34608459472656,100.81706237792969,19.14226722717285,-10.437021255493164,2.4824812412261963,20.929195404052734,20.747299194335938,6.225918769836426,-5.233892917633057,-5.117931842803955,1.0266313552856445,4.385284900665283,2.8106980323791504,0.16661031544208527,-0.2860291302204132,0.7147741317749023,0.58601313829422,-1.4946147203445435,-3.7307376861572266,0.009754302536231885,723.4904540110011,14.277961750926675,715.152004076087,8.640348096378148e-05,3
-723.0780029296875,180.2337646484375,99.43543243408203,24.385526657104492,-8.376087188720703,-1.5022317171096802,15.870683670043945,19.512989044189453,8.191096305847168,-4.0594587326049805,-6.737378120422363,-1.711089849472046,3.001477003097534,3.212944984436035,0.9866454601287842,-0.24039128422737122,-0.013192223384976387,-0.12912610173225403,-1.4234048128128052,-2.665344476699829,0.009696517908932714,720.8627821421534,14.331070745286304,674.8236069823085,6.654768367297947e-05,3
-708.5350952148438,177.21144104003906,97.66963958740234,24.02247428894043,-8.517091751098633,-2.4170737266540527,14.456252098083496,18.805147171020508,8.81424331665039,-2.9078779220581055,-6.4634575843811035,-2.785484790802002,1.427757740020752,2.2229180335998535,0.7550280094146729,-0.3728032410144806,-0.6206567287445068,-1.120007872581482,-2.329427480697632,-3.2145674228668213,0.010690073955916474,725.5145677353565,14.37904056061045,712.2943780814966,8.396998600801453e-05,3
-724.4982299804688,185.4526824951172,101.42509460449219,24.336647033691406,-8.811190605163574,-1.1995429992675781,17.027475357055664,21.093351364135742,9.795733451843262,-2.80847430229187,-6.2654290199279785,-2.132385492324829,2.1409637928009033,2.6115047931671143,0.8177717328071594,-0.5656615495681763,-1.2034351825714111,-2.186177968978882,-3.555269479751587,-4.04646635055542,0.009307932134570766,675.5089544008815,14.440442734512935,667.2295307062064,5.703857823391445e-05,3
-726.3477172851562,184.85581970214844,100.14088439941406,23.21275520324707,-8.589409828186035,-0.3824089765548706,16.744342803955078,19.257556915283203,7.46110200881958,-4.659551620483398,-7.8055219650268555,-3.9925460815429688,0.13464948534965515,1.3421093225479126,0.7820058465003967,0.21375593543052673,-0.29956161975860596,-1.3601804971694946,-2.612313747406006,-2.9258968830108643,0.010017129495359628,722.9351826685944,14.342398645005296,680.3193200768561,6.365984154399484e-05,3
-630.617431640625,135.65113830566406,75.27714538574219,17.935773849487305,-9.008261680603027,-5.87044095993042,7.472951412200928,13.077658653259277,8.090032577514648,0.7957600355148315,-1.363165020942688,1.6441445350646973,5.215504169464111,6.115727424621582,4.810771465301514,3.3569633960723877,2.7012031078338623,2.350043773651123,1.769491195678711,1.220521092414856,0.006598880258704062,565.6033756605345,14.03136785332604,685.6055254170697,0.011650077067315578,4
-763.760009765625,220.70697021484375,85.59196472167969,-5.744516849517822,-21.43035888671875,1.6328823566436768,17.07306480407715,11.617323875427246,0.7885990142822266,-2.0956053733825684,0.6203684210777283,2.45131516456604,3.0116429328918457,4.375151634216309,5.2391228675842285,4.082028865814209,1.9442840814590454,0.4951925575733185,0.3470331132411957,0.9972642660140991,0.010626064928944315,842.4317103363259,13.247633343473359,937.7185370142112,0.00010995155753334984,4
-759.7994995117188,223.75099182128906,85.56986999511719,-6.305973052978516,-21.88884735107422,1.4006140232086182,16.798948287963867,11.077003479003906,0.686417281627655,-1.6401760578155518,2.048990488052368,3.741209030151367,3.41003155708313,4.020394802093506,4.360990047454834,3.303973436355591,1.4576200246810913,-0.026791363954544067,-0.16298799216747284,0.4463733434677124,0.012210809054642167,848.4624981924597,13.109412363778125,953.8750831117021,0.000126902581541799,4
-775.6239624023438,205.08885192871094,80.99853515625,2.8308334350585938,-17.596681594848633,-4.665191650390625,13.476052284240723,15.113199234008789,2.273066997528076,-5.196530342102051,-3.519932270050049,-4.429464340209961,-5.245907306671143,0.5559366345405579,3.9417617321014404,0.5780022144317627,-0.6501370072364807,-0.996493935585022,-5.195634841918945,-5.690423011779785,0.017064919881090487,1179.8257809850868,13.432585193794642,1089.3502573955916,0.00039598476723767817,4
-775.3494873046875,206.32717895507812,81.42292785644531,1.8221038579940796,-18.191980361938477,-4.0259294509887695,15.032593727111816,15.931720733642578,2.8747498989105225,-3.4348971843719482,-0.9066193103790283,-3.1993532180786133,-5.8654069900512695,-0.00551514932885766,3.8287079334259033,0.7418808937072754,0.10275264829397202,0.27286696434020996,-4.321627616882324,-5.404427528381348,0.014370876232598608,1108.1578468703722,13.73569293804527,1045.5344357236079,0.0002910325420089066,4
-768.260009765625,210.55938720703125,79.10459899902344,-1.2031748294830322,-19.304420471191406,-4.1834940910339355,13.780905723571777,13.966065406799316,0.7739316821098328,-4.558050155639648,-1.2463432550430298,-3.3744661808013916,-6.15361213684082,-1.450447916984558,2.1168930530548096,-0.5465778708457947,-1.1287437677383423,-0.5183918476104736,-4.18270206451416,-5.18621826171875,0.017997299158932716,1143.279081091037,13.756705907309165,1080.5571164443156,0.00034827456693165004,4
-772.0430908203125,208.83184814453125,82.48180389404297,3.515338897705078,-17.117694854736328,-4.065817832946777,14.444243431091309,14.955501556396484,1.0352435111999512,-5.226117134094238,-2.208278179168701,-3.951725482940674,-6.319960117340088,-0.48269879817962646,3.948727607727051,1.218746542930603,-0.1580866426229477,0.3958088457584381,-4.317789077758789,-5.612180233001709,0.016249229625870068,1119.7599729274993,13.852755461957647,1047.6827599332946,0.0003228774294257164,4
-773.22998046875,209.86053466796875,85.34491729736328,3.742086410522461,-17.48961639404297,-3.3235723972320557,14.360015869140625,14.40290355682373,1.5124189853668213,-5.537032127380371,-3.922703266143799,-4.172400951385498,-4.7999677658081055,-0.34075072407722473,3.1972405910491943,1.622909665107727,-0.21289223432540894,-1.232720136642456,-4.57565975189209,-4.8906121253967285,0.01570317031612529,1093.2262779520522,13.454292789137929,1022.6023238109049,0.0002915079239755869,4
-770.9185791015625,211.58958435058594,84.37162017822266,2.461940050125122,-17.52035903930664,-1.698082447052002,16.192659378051758,15.691890716552734,2.1977343559265137,-4.51182222366333,-2.239126205444336,-3.447805166244507,-5.142824172973633,-0.5200172066688538,3.162078857421875,1.5097166299819946,0.14425085484981537,-0.9841647744178772,-4.578101634979248,-4.954176425933838,0.014690354915893272,1035.1029177168664,13.618217437734325,1009.3626513558585,0.00024054771347437054,4
-775.8984985351562,206.05027770996094,82.69044494628906,3.084153652191162,-16.89059829711914,-3.0343377590179443,14.256197929382324,14.638236045837402,1.6573634147644043,-4.913730621337891,-3.044926166534424,-4.245547294616699,-5.540313720703125,-0.20203736424446106,4.102675914764404,2.241736650466919,0.09250722825527191,-1.481162667274475,-5.1708550453186035,-5.531314373016357,0.015613670968677494,1142.1463273500535,13.489730360740756,1054.0777715342228,0.0003383125294931233,4
-778.6268920898438,202.9715576171875,80.41922760009766,2.6250298023223877,-17.2486515045166,-3.561408519744873,14.466472625732422,15.124302864074707,1.7735097408294678,-5.327648639678955,-3.277859687805176,-3.86875057220459,-5.355144023895264,0.09453047066926956,3.8092715740203857,1.234196424484253,-0.26416683197021484,-0.15575845539569855,-3.8570001125335693,-5.1969895362854,0.015972558027079305,1209.8624875502953,13.410135676434427,1094.986286569149,0.00039929969352670014,4
-776.144287109375,207.31558227539062,83.8332748413086,2.413001775741577,-16.83030128479004,-1.2233624458312988,14.5338716506958,13.096231460571289,1.7661470174789429,-4.374211311340332,-3.946824312210083,-3.9290850162506104,-3.940185070037842,-0.3334712088108063,2.9011964797973633,2.3763606548309326,0.4579937160015106,-1.9850064516067505,-4.531042098999023,-4.768299579620361,0.015518507105568445,1141.6724874592946,13.080800434828541,1038.9395800101508,0.00034112195135094225,4
-772.635009765625,208.57496643066406,82.41791534423828,3.3271381855010986,-16.95166015625,-3.692333459854126,14.629607200622559,15.498601913452148,1.478823184967041,-5.451282501220703,-2.4905295372009277,-3.4525647163391113,-5.260367393493652,0.6567777991294861,4.079442501068115,0.5008546113967896,-0.6380254030227661,-0.46813490986824036,-4.664596080780029,-5.550024509429932,0.01622657156322506,1118.2612303347082,13.769451454086699,1042.4868130075406,0.0003095372812822461,4
-710.990966796875,183.47900390625,99.45507049560547,23.8643856048584,-7.190518856048584,-0.20028749108314514,14.400633811950684,15.453743934631348,4.427330493927002,-6.3029985427856445,-9.727241516113281,-7.866400718688965,-5.057140350341797,-2.6306796073913574,-0.0433853380382061,2.0191009044647217,1.7301506996154785,-1.247147798538208,-4.653191566467285,-5.702833652496338,0.011935292119565217,745.4649398036923,15.031068566678735,697.426120923913,8.352738223038614e-05,4
-728.7240600585938,173.88548278808594,97.97434997558594,26.68956184387207,-6.778371810913086,-4.010184288024902,10.110509872436523,14.392657279968262,6.093636512756348,-4.9103922843933105,-9.930132865905762,-8.11170482635498,-3.442124605178833,0.5531809329986572,2.638411045074463,2.7533159255981445,1.0124297142028809,-1.968894124031067,-4.686500549316406,-5.451913833618164,0.012303328016241299,889.6370755335853,14.488593940123723,775.7448838094548,0.00017454198678024113,4
-727.1837158203125,181.3306121826172,95.44422912597656,19.872913360595703,-8.847573280334473,1.0434846878051758,17.51576042175293,19.200807571411133,7.908977508544922,-3.935462713241577,-8.908956527709961,-7.694416522979736,-3.7777984142303467,0.27486613392829895,2.845719575881958,2.9898345470428467,1.0192617177963257,-1.608168601989746,-3.3985071182250977,-3.633526086807251,0.010947407155797102,850.3641154862722,14.490048175249951,782.123386548913,0.00014117881073616445,4
-699.823974609375,169.75787353515625,93.49137115478516,23.048696517944336,-8.235567092895508,-3.427025556564331,11.416093826293945,15.1719970703125,6.158421039581299,-5.032599449157715,-9.908744812011719,-8.008222579956055,-3.3606650829315186,0.5661394596099854,2.403580904006958,2.0357396602630615,0.04970083758234978,-2.322066068649292,-3.773530960083008,-3.7408411502838135,0.013012525377030163,834.7813442080621,14.706796111208263,784.4381027044664,0.00012625663657672703,4
-727.1837158203125,181.3306121826172,95.44422912597656,19.872913360595703,-8.847573280334473,1.0434846878051758,17.51576042175293,19.200807571411133,7.908977508544922,-3.935462713241577,-8.908956527709961,-7.694416522979736,-3.7777984142303467,0.27486613392829895,2.845719575881958,2.9898345470428467,1.0192617177963257,-1.608168601989746,-3.3985071182250977,-3.633526086807251,0.010947407155797102,850.3641154862722,14.490048175249951,782.123386548913,0.00014117881073616445,4
-715.611083984375,180.4524688720703,93.00453186035156,15.99534797668457,-13.18558120727539,-2.689330816268921,14.757010459899902,17.145723342895508,6.516956806182861,-4.096325874328613,-7.5500922203063965,-5.834313869476318,-3.2607362270355225,-1.4572062492370605,-0.12551280856132507,0.6591396927833557,0.2626856863498688,-1.325560212135315,-3.0690526962280273,-3.6967263221740723,0.012818798941415313,894.4094081904962,14.583177531204397,856.7816714399652,0.00016846491780597717,4
-722.758544921875,188.93980407714844,97.02960968017578,16.787830352783203,-13.597339630126953,-3.4354605674743652,13.238722801208496,14.63094711303711,3.6807823181152344,-6.311551094055176,-8.701482772827148,-5.937707424163818,-2.3611767292022705,0.4362916052341461,2.443366527557373,3.0810654163360596,1.5666192770004272,-1.6708059310913086,-4.829014301300049,-6.010756969451904,0.014271965579710146,863.1531903698498,14.798146436968912,817.8248131793479,0.00016062574286479503,4
-717.6780395507812,176.36672973632812,94.84042358398438,21.349407196044922,-9.251578330993652,-2.2758538722991943,13.3413667678833,16.43804359436035,6.8625617027282715,-4.320246696472168,-9.48263931274414,-8.684165000915527,-5.191292762756348,-1.3649660348892212,1.56797456741333,2.595248222351074,1.2818810939788818,-1.5374380350112915,-4.129081726074219,-5.069686412811279,0.012688235960144928,878.0049231783014,14.597168855810764,800.0989300271739,0.00016189848247449845,4
-722.5169067382812,167.95994567871094,91.49492645263672,21.834373474121094,-7.899847984313965,-1.6354271173477173,13.764063835144043,17.287927627563477,7.563647747039795,-4.687220096588135,-10.684209823608398,-9.450814247131348,-4.765443325042725,-0.41366875171661377,1.7615516185760498,1.5818140506744385,-0.23905116319656372,-2.648867607116699,-4.562107563018799,-5.1138200759887695,0.01263640153712297,967.7763376415528,14.504126595660049,865.4249293068445,0.00022693687060382217,4
-701.023193359375,166.36459350585938,90.56465911865234,21.93748664855957,-6.291696071624756,1.3947672843933105,17.12276840209961,19.432415008544922,8.18912124633789,-4.068705081939697,-8.295303344726562,-5.354465961456299,-0.8267232179641724,1.8090717792510986,2.5106112957000732,2.1754908561706543,0.9455297589302063,-1.113574504852295,-3.035982608795166,-3.474358320236206,0.010652688152552204,792.6493781154393,14.456504886468084,780.0914932569606,9.583769860910252e-05,4
-729.7911376953125,184.9911346435547,95.55301666259766,17.69912338256836,-11.20449161529541,-0.613257884979248,15.882828712463379,16.863964080810547,5.1155595779418945,-6.259154796600342,-10.001544952392578,-7.628475666046143,-3.4961657524108887,-0.36878886818885803,0.9089553952217102,0.5087308883666992,-0.9251949787139893,-2.724457263946533,-4.316567897796631,-5.038688659667969,0.01290943119199536,878.7603638193993,14.39015655847342,814.26483649942,0.00014350410492625087,4
-722.197509765625,179.67784118652344,96.06295013427734,20.78603172302246,-9.943497657775879,-1.8145886659622192,15.05034351348877,18.220701217651367,7.297616481781006,-5.6628313064575195,-11.66118335723877,-10.265871047973633,-5.582779407501221,-1.1720589399337769,1.4634430408477783,1.9914926290512085,0.5387083888053894,-2.1932034492492676,-4.82887601852417,-5.893313884735107,0.01238960597826087,837.3095931553387,14.645620639072888,785.5562160326087,0.00012727563444059342,4
-717.0104370117188,159.490966796875,91.70684051513672,27.332666397094727,-3.486297369003296,-1.108512043952942,12.21357250213623,16.324073791503906,7.855528831481934,-3.8226468563079834,-9.63293743133545,-8.190817832946777,-3.5294992923736572,0.4969922602176666,2.522274971008301,2.5085277557373047,0.6028566360473633,-2.468219757080078,-5.011542797088623,-5.372262954711914,0.011844502247679814,940.1860857670566,14.570082039602982,796.0290612311485,0.00020401716756168753,4
-732.0289916992188,187.50387573242188,98.37754821777344,19.085430145263672,-12.122949600219727,-1.9962940216064453,16.564369201660156,19.688268661499023,7.958233833312988,-4.979347229003906,-9.979029655456543,-7.754472732543945,-3.1892330646514893,0.45505818724632263,2.277454137802124,2.2044808864593506,0.4688776731491089,-1.9769363403320312,-3.68818998336792,-3.709010362625122,0.011958925464037123,829.362431709902,14.432393559357653,807.6699807859628,0.0001354698761133477,4
-702.2843627929688,172.29937744140625,90.17912292480469,16.2269229888916,-13.506361961364746,-3.7526865005493164,15.316988945007324,20.057085037231445,9.127967834472656,-4.785131454467773,-11.233705520629883,-9.228153228759766,-3.7073705196380615,0.5872909426689148,1.862889289855957,0.6737059354782104,-1.6315524578094482,-3.859328031539917,-5.164336681365967,-5.040317535400391,0.01451022331786543,887.9906685686176,14.404213522813848,901.4967916183294,0.00016180843522306532,4
-731.5205688476562,184.4344482421875,93.4513931274414,14.239481925964355,-14.052233695983887,-0.870514988899231,18.388837814331055,20.280506134033203,7.315795421600342,-5.956472873687744,-10.843470573425293,-8.563730239868164,-3.916480779647827,-0.00718295993283391,2.074063777923584,1.9915355443954468,-0.038515884429216385,-2.9910635948181152,-5.3411054611206055,-5.84086799621582,0.013194922781322506,924.6212206572735,14.57815038405681,882.3117568155452,0.00018648177501745522,4
-717.4999389648438,181.5087890625,92.88959503173828,15.450034141540527,-13.273022651672363,-1.1847549676895142,17.808319091796875,20.174196243286133,7.275838375091553,-6.775210380554199,-12.587191581726074,-10.509119987487793,-5.228296756744385,-0.387813925743103,2.3377437591552734,2.355433464050293,-0.015565070323646069,-3.3850340843200684,-5.8417744636535645,-6.053130626678467,0.01339447463768116,889.2722644261809,14.605649076306046,914.3185292119565,0.00023526180302724242,4
-710.0647583007812,178.21141052246094,92.10240173339844,15.441241264343262,-14.063488960266113,-3.0287859439849854,16.177295684814453,19.911176681518555,8.417726516723633,-4.957302093505859,-10.776887893676758,-9.044068336486816,-4.151313781738281,0.40992647409439087,2.926081657409668,2.640960931777954,-0.14601534605026245,-3.801389694213867,-6.155746936798096,-5.915858745574951,0.013871265951276102,882.8106558141764,14.373219141593164,902.39609012471,0.00016243793652392924,4
-704.947509765625,189.63572692871094,94.83883666992188,12.835992813110352,-16.137638092041016,-1.6081016063690186,19.346097946166992,21.780418395996094,8.430508613586426,-5.057794570922852,-9.743255615234375,-7.649815082550049,-3.9755547046661377,-1.0217926502227783,0.9957754611968994,1.5267257690429688,-0.01196397002786398,-2.817401170730591,-4.928410530090332,-4.906889915466309,0.012788210556844547,774.590928686813,14.72861516000809,866.1743447288283,0.0001296190166613087,4
-712.9387817382812,178.7366180419922,93.5082778930664,16.766456604003906,-13.988569259643555,-3.903467893600464,15.62246322631836,20.108333587646484,8.574416160583496,-5.543441295623779,-11.66275405883789,-9.302047729492188,-3.695253610610962,0.7708867192268372,2.671722888946533,2.2286672592163086,0.07857023924589157,-2.7586042881011963,-4.826132297515869,-4.920949935913086,0.013495142111368909,885.6840332893103,14.485013569350555,876.1165893271461,0.00017624498286750168,4
-731.1832885742188,193.17398071289062,95.82767486572266,12.228243827819824,-16.744121551513672,-1.969231367111206,18.63946533203125,20.657760620117188,7.331039905548096,-5.984308242797852,-10.722674369812012,-8.602995872497559,-4.31735372543335,-0.40688541531562805,2.133293867111206,2.4417996406555176,0.2948383390903473,-3.0098941326141357,-5.33084774017334,-5.247943878173828,0.01375004531612529,884.0810728553059,14.606752086466964,901.2469864776682,0.00020141004642937332,4
-700.79931640625,187.49191284179688,89.69624328613281,6.992956638336182,-19.92909812927246,-3.681382417678833,16.858779907226562,18.470500946044922,6.113836288452148,-4.99172306060791,-8.122745513916016,-6.384464263916016,-4.09659481048584,-2.2501296997070312,-0.5622292160987854,0.20273074507713318,-0.9727795720100403,-3.586487054824829,-5.645188331604004,-5.4760823249816895,0.016684264428654293,882.1694798736312,14.533266570533149,946.661561049884,0.00016600957314949483,4
-716.1439819335938,189.63890075683594,92.73149871826172,10.16821575164795,-17.386751174926758,-1.7277122735977173,18.87479591369629,20.74181365966797,7.938642978668213,-4.436563491821289,-8.905787467956543,-7.717705249786377,-4.942774772644043,-2.0064024925231934,0.6876912713050842,1.8914368152618408,0.6119847297668457,-2.272463321685791,-4.562785625457764,-4.649032115936279,0.013975493039443156,868.1701113089829,14.531224102468558,910.6396597665313,0.00015594917931593955,4
-721.88671875,169.78164672851562,94.05354309082031,24.26781463623047,-6.647514343261719,-1.8703969717025757,12.481600761413574,15.63908863067627,6.187361717224121,-5.30251932144165,-10.424086570739746,-8.709386825561523,-4.02022647857666,0.38433924317359924,3.072098970413208,3.444793701171875,1.459598183631897,-1.8334845304489136,-4.4722514152526855,-4.906373023986816,0.012747426044083526,907.0835379199721,14.642852184511877,788.2351408425174,0.00016270681226160377,4
-709.6127319335938,187.08172607421875,95.49906921386719,15.279243469238281,-14.200891494750977,-1.6612818241119385,17.70970344543457,19.901161193847656,6.9701385498046875,-6.540971755981445,-11.797263145446777,-9.909161567687988,-5.459083557128906,-1.2743362188339233,1.4335275888442993,1.7111327648162842,-0.6414898633956909,-4.2063422203063965,-6.683024883270264,-6.600740432739258,0.01347939311594203,784.47114625315,14.861145944609031,818.26171875,9.812007920118049e-05,4
-715.827392578125,194.987060546875,102.0694580078125,19.97018814086914,-11.932561874389648,-1.4132232666015625,16.83639907836914,18.747098922729492,5.943612575531006,-7.131765842437744,-11.55343246459961,-8.64476203918457,-3.5320684909820557,0.5955663323402405,2.75126051902771,2.6288812160491943,0.49089667201042175,-2.3438899517059326,-4.109248638153076,-3.830660343170166,0.01109338747099768,675.398715813476,15.134987008309981,701.0531467517401,6.334390491247177e-05,4
-707.1351318359375,175.02182006835938,96.80091857910156,25.62957000732422,-5.056739330291748,0.5758443474769592,15.102147102355957,17.649049758911133,7.6522111892700195,-3.8045620918273926,-8.66814136505127,-7.010537624359131,-2.6806771755218506,1.4778082370758057,4.258321285247803,4.885848045349121,3.052625894546509,-0.270410418510437,-3.0789599418640137,-3.778341293334961,0.010400050754060326,732.0083955804508,14.7836062561235,695.5074726290603,7.180547981988639e-05,4
-717.1661987304688,177.0660858154297,94.57617950439453,20.544038772583008,-9.469411849975586,-1.6182365417480469,14.203205108642578,16.595319747924805,6.191741466522217,-4.919859409332275,-8.83945369720459,-6.387363910675049,-1.9629172086715698,1.5261017084121704,3.2419066429138184,3.037135124206543,1.0801547765731812,-1.7016921043395996,-3.748307466506958,-3.8473215103149414,0.011895482888631091,869.6328117467312,14.543345686213465,813.5653821055685,0.00015228909614961594,4
-717.914794921875,189.5417022705078,98.47538757324219,18.22783088684082,-12.380273818969727,-1.7586084604263306,15.78148365020752,17.165380477905273,4.858950138092041,-6.897838592529297,-10.152481079101562,-7.070878982543945,-2.6427814960479736,0.8684992790222168,3.192944049835205,3.741389751434326,1.8349976539611816,-1.6875656843185425,-4.500704288482666,-4.724208831787109,0.0129887344112529,776.6931737569578,14.750414504169617,768.4505737021461,9.078020957531407e-05,4
-700.5956420898438,170.47499084472656,91.54896545410156,19.69768714904785,-10.382309913635254,-3.0271432399749756,13.614102363586426,17.793893814086914,8.594501495361328,-2.642869234085083,-7.452694416046143,-5.780494213104248,-1.7169160842895508,1.5841379165649414,2.993234634399414,2.401240825653076,0.27236059308052063,-2.3034579753875732,-4.021717071533203,-4.099310398101807,0.012412086716937354,851.9330442115524,14.42442058365095,830.5521316705336,0.00012537231668829918,4
-713.4754638671875,183.30120849609375,95.0498275756836,17.11428451538086,-12.803996086120605,-2.1402642726898193,16.096933364868164,18.752197265625,7.105113506317139,-5.161294937133789,-9.44776725769043,-6.9533867835998535,-2.5631418228149414,0.8642882108688354,2.768864154815674,2.9528231620788574,1.2202601432800293,-1.7268613576889038,-4.236289978027344,-4.856429576873779,0.012664724115429234,836.8131842894364,14.57401875240286,830.6020926986658,0.00013336104166228324,4
-711.7186279296875,166.30557250976562,92.96414184570312,24.37181854248047,-6.707556247711182,-2.0204248428344727,13.567850112915039,18.578746795654297,9.98541259765625,-2.106795310974121,-8.21628475189209,-6.748932838439941,-1.7172502279281616,2.5851829051971436,4.244015693664551,3.3642663955688477,0.9605745673179626,-1.644201636314392,-3.1937692165374756,-3.03727650642395,0.010548575012088975,861.4019130486905,14.526465287378077,790.3143700132979,0.0001316384004894644,4
-671.7439575195312,200.18348693847656,90.69658660888672,3.696009397506714,-18.575864791870117,1.7109596729278564,18.607086181640625,13.571266174316406,0.5480223298072815,-3.9007411003112793,-0.041630905121564865,3.3429853916168213,3.3741610050201416,3.400608777999878,4.877340316772461,5.380523204803467,3.4867146015167236,1.120141625404358,0.41535675525665283,0.9123336672782898,0.009067675592359768,550.3559705791431,13.709587059764345,761.9505183147969,2.848270560207311e-05,4
-707.0944213867188,220.76864624023438,93.42218780517578,-2.2364754676818848,-21.184368133544922,3.46518611907959,19.245527267456055,11.77567195892334,-0.41289734840393066,-3.034417152404785,0.13092173635959625,1.7503758668899536,2.170503854751587,4.201506614685059,6.478343486785889,6.188821792602539,3.761963367462158,1.621748924255371,0.667859673500061,0.1438363939523697,0.009127176015473889,572.413396666853,13.886867178438866,760.0346046905222,2.4486125766998157e-05,4
-714.5542602539062,223.2477264404297,92.79337310791016,-3.5600523948669434,-20.998685836791992,4.674765110015869,19.95641326904297,11.826153755187988,-0.11247628182172775,-2.015408515930176,1.405630350112915,2.6685187816619873,2.601449728012085,4.3330230712890625,6.404009819030762,5.8928375244140625,3.284348726272583,1.1695973873138428,0.6000353693962097,0.7360097169876099,0.008345170454545454,578.1939536383054,13.752931597480869,772.1964911750483,2.991777546412777e-05,4
-716.13037109375,224.64891052246094,92.31187438964844,-4.298315525054932,-20.392751693725586,5.846252918243408,20.364017486572266,11.314766883850098,-0.9591640830039978,-2.962895393371582,0.34943997859954834,1.7107480764389038,1.9349550008773804,3.834975481033325,5.970795154571533,5.692428112030029,3.475283622741699,1.614088773727417,1.0240572690963745,0.994000256061554,0.00890239663926499,577.6025200279201,13.852364626945292,762.7418739422147,2.595095975266304e-05,4
-711.4893798828125,226.11279296875,94.34716796875,-3.082669496536255,-20.639148712158203,5.450394630432129,20.704662322998047,11.837233543395996,-0.8134046792984009,-2.8161425590515137,0.9898638129234314,2.6643919944763184,2.828535795211792,4.759251117706299,7.137644290924072,6.924190044403076,4.418290615081787,2.177443027496338,1.3091354370117188,0.9497944712638855,0.008701228542069632,540.0289006433927,13.958478880503787,726.4228156733559,2.1811036276631057e-05,4
-715.1337280273438,229.2139129638672,91.5279541015625,-6.667869567871094,-21.05727195739746,6.491506576538086,20.460243225097656,10.846208572387695,-0.7992234826087952,-1.9752197265625,1.3138982057571411,2.266434669494629,2.5323243141174316,4.798017978668213,6.945301055908203,6.182982921600342,3.4606688022613525,1.4448134899139404,0.9884756803512573,1.0922486782073975,0.00890145218810445,578.9809703674441,13.840399972338753,799.6856866537718,5.874333146493882e-05,4
